Aardappel Belle de Fontenay;Kg;2,58
Aardappel CROQUETTEN DV (10K);Stuk;10,30
Aardappel DENNEAPPELTJES.10kg;Stuk;14,75
Aardappel FRIET (10 k) vers VG;Stuk;11,24
Aardappel HERTOGIN (10 K);Stuk;13,90
Aardappel NOOTJES (10 K);Stuk;12,75
Aardappel PUREE (10 K);Stuk;6,84
Aardappelen (Bintjes);Kg;0,46
AARDAPPELEN (spicey pat)  (10 kg);Stuk;13,54
Aardappelen Charlotte;Kg;1,41
AARDAPPELEN FRIET geschild;Kg;0,65
Aardappelen friet ongeschild;Kg;0,51
Aardappelen Grenaille;Kg;2,05
Aardappelen KRIEL;Kg;2,05
Aardappelen kriel vers, geschild;Kg;0,93
Aardappelen NIEUWE;Kg;0,71
Aardappelen Ratte;Kg;4,82
Aardappelen Rozeval;Kg;1,85
Aardappelen TOPINOMBOURS;Kg;2,56
Aardappelen Truffel (Vitelotte);Kg;4,56
Aardappelen Zoete (bataat,yams);Kg;3,61
Aardappelkubus;Kg;1,10
Aardappelzetmeel (200 gr.);Stuk;0,85
Aardbei extract;Liter;61,22
Aardbei snoepjes Haribo;Kg;6,98
Aardbeien;Kg;7,98
Aardbeien kleine (voor confituur);Kg;4,72
Aardbeien(diepvries);Kg;4,59
Aardbeienconfituur (375 gr.);Stuk;1,95
Aardbeienlikeur;Fles;14,52
AARDBEIENPUREE (Boiron);Kg;6,47
Aardbeiensorbet;Liter;5,55
Abdijbolletje;Stuk;0,57
Abdijkaas Petrus ;Kg;13,87
Abricotage;Kg;2,46
Abrikozen blik à 3L;Stuk;5,25
Abrikozen gedroogd(250 gr.);Stuk;2,98
Abrikozen vers;Stuk;0,74
Abrikozencompote (375 gr.);Stuk;3,06
Abrikozenconfituur (450 gr);Stuk;1,02
Abrikozencoulis (spuitbus Boiron);Kg;3,67
Abrikozenpuree DV (Boiron);Liter;4,91
Advocaat;Fles;13,48
Afdekgelei neutraal;Kg;2,06
Affila cress;Stuk;1,18
Airbag farine (Sosa);Kg;37,77
Airbag granet (Sosa);Kg;25,60
Airbag Patata (Sosa);Kg;28,39
AIRELLES (diepvries);Kg;4,50
Aka Miso (donkere sojabonepasta);Kg;8,38
Alpro soja bakken en braden;Kg;5,60
Alpro Soja bakken en braden;Liter;6,02
Alpro soja yoghurt;Liter;4,18
Amandelessence;Stuk;6,87
Amandelkoekjes (Destrooper);Kg;34,70
Amandelmelk ongezoet;Liter;2,99
Amandelmelk zoet;Stuk;11,51
Amandelpasta witte;Kg;41,53
Amarenakersen;Kg;7,08
Amaretto;Fles;17,82
Amonium bicarbonaat (alkali);Kg;2,30
Ananas;Stuk;5,49
Ananas baby;Stuk;4,07
Ananas blik à 3L (55 schijven);Stuk;5,12
Ananaspuree (Boiron);Kg;7,86
Ananassap;Liter;1,17
Andalouse mix (DV 2,5 kg);Stuk;3,98
Andijvie;Stuk;3,30
Anijspoeder;Kg;13,26
Anijszaad;Kg;66,30
ANSJOVIS GEMARINEERD;Kg;9,65
Ansjovisfilets blik (47 gr.);Stuk;1,17
Ansjovisfilets gemarineerd in olijfolie;Kg;9,20
Appel bloesem (ravier);Stuk;10,99
Appel likeur (Bols);Fles;13,05
Appelcompote stukken 3L;Stuk;5,42
Appeldiksap;Liter;9,32
Appelen COX (kleine);Kg;1,33
Appelen GOLDEN;Stuk;0,42
Appelen GOLDEN;Kg;2,08
Appelen GRANAAT;Stuk;3,80
Appelen GRANNY SMITH;Kg;2,38
Appelen Jona-Gold;Kg;1,32
Appelen Pink Lady;Stuk;1,05
Appelen Renet;Kg;1,53
Appelflap;Stuk;0,91
Appenzeller ;Kg;35,24
Apricot Brandy;Fles;15,34
Aquavit;Fles;19,03
Arachide-olie;Liter;2,93
Arbequina olijfolie;Liter;26,24
ARDENS GEBRAAD;Kg;6,40
Argan-olie;Stuk;26,84
Armagnac;Fles;24,49
Aromat;Kg;10,77
Aromat fijne kruiden;Kg;9,43
Arrowroot;Stuk;11,21
Artisjok;Stuk;2,89
Artisjokbodems blik (0.5 l);Stuk;1,95
Asbach Uralt;Fles;10,25
Asperges - korenhalm;Bot;3,59
Asperges blik (430 gr);Stuk;2,48
Asperges geschild DV;Kg;8,93
Asperges groen (bundel);Stuk;4,73
Asperges Mech.Bot0.5 K 10a12 st;Stuk;5,74
Asperges soep los;Kg;4,75
Asperges wilde groen (ravier);Stuk;5,89
Aspergetips(wit);Stuk;6,15
Aspic;Kg;19,47
Asti Spumante;Fles;7,02
ATL. GEROLDE TONGFILETS;Stuk;0,53
Atsina cress;Stuk;2,68
Aubergines;Stuk;0,87
Augurken (grote zoetzuur);Liter;1,14
Augurken (kleine à 2 l);Stuk;9,34
Avocado (ready to eat);Stuk;1,97
Azijn  Champagne (0,5l);Stuk;3,39
Azijn - groene citroen;Liter;26,25
Azijn Affligem kriek;Fles;12,11
Azijn Alcohol- (1.5 L.);Stuk;0,69
Azijn Balsamico (0,5 L);Stuk;1,65
Azijn Balsamico wit;Fles;2,06
Azijn Banyuls;Fles;10,58
Azijn Cabernet Sauvignon;Liter;23,44
Azijn Cassis;Stuk;6,93
Azijn Chardonnay;Liter;27,56
Azijn -Chardonnay;Liter;27,56
Azijn Cider- (0.5 L.);Stuk;0,85
Azijn Dragon- (0.5 L.);Stuk;1,31
Azijn Frambozen- (0.5 L.);Stuk;0,89
Azijn Honing;Liter;66,60
Azijn rijst (Otafuku su);Fles;5,75
Azijn sushi;Stuk;6,67
Azijn Umeboschi;Liter;1,00
Azijn Wijn- rood (0.5 L.);Stuk;0,91
Azijn Wijn- wit (0.5 L.);Stuk;1,02
Azijn Xeres- (0.35 L.);Stuk;1,25
Azijn zwarte Chinese;Liter;20,16
Azijncultuur;Stuk;10,12
Azijn-noten;Liter;17,98
Babelutten;Kg;7,31
Babyleaf (ravier);Stuk;3,18
Baby-peertjes (Vidacal)blik;Stuk;7,45
BAILEYS;Fles;17,16
Baileys;Liter;17,16
Bakbanaan met zwart vel/rijp;Stuk;0,79
Bakken en braden Alpro;Kg;5,60
Bakken en braden Debic;Fles;5,05
Balsamicocrème 500ml;Stuk;6,88
Bamboeplakjes (blik);Stuk;1,87
Bananen gedroogd;Kg;110,72
Bananen GEEL;Stuk;0,43
Bananen mini;Stuk;1,74
Bananenlikeur;Fles;14,04
Bananenpuree(Boiron);Kg;6,24
Banyuls;Fles;19,80
Baquette junior meergranen;Stuk;1,13
Barbecuesaus;Liter;8,92
Basilicum (bondje);Stuk;1,33
Basilicum (paarse);Stuk;1,80
Basilicum Thaise;Stuk;3,63
Basilicumcress;Stuk;1,86
Batida de Coco;Fles;11,49
BAVETTE WESTVLAAMS ROOD;Kg;12,80
Béarnaise VERSTEGEN;Liter;6,50
Beaufortkaas;Kg;22,50
BEENHAM gekookt;Kg;7,40
Beenham gekookt  ONTBEEND !!!!!;Kg;7,40
Benedictine;Fles;19,38
Bergamot puree DV Boiron;Liter;8,35
Bergamotearoma;Stuk;16,89
Bessen BOS (125 gr.);Stuk;3,54
Bessen BRAAM (125 gr.);Stuk;3,28
Bessen RODE-AAL (150gr.);Stuk;4,99
Bessen roze (30gr) gedroogd;Kg;48,36
Bessen roze op sap ;Liter;17,10
Bessen STEKEL (125 gr.);Stuk;5,80
Bessen VEEN  VERSE GROTE;Kg;11,18
Bessen Veen gedroogd;Kg;8,58
Bessenjenever;Liter;12,06
Bicarbonaat;Stuk;5,23
BICKY BROODJES;Stuk;0,40
Bicky saus bruin;Fles;3,33
Bicky saus geel;Fles;4,16
BIEFSTUK (omloop,onglet,schorsvel) (dik);Kg;13,80
BIER TRIPEL BIO;Fles;1,40
Bieslook;Stuk;1,83
Bieslookbloemmetjes(ravier);Stuk;7,89
Bisque (0.5L.);Stuk;1,40
Black beanssaus;Fles;2,93
BLADERDEEG (B01);Stuk;2,85
BLADERDEEG BOTER (B51);Stuk;4,70
Blanke fonds Knorr;Kg;16,23
Bleu Danois ;Kg;12,66
Bleu d'Auvergne;Kg;11,13
Bleu de Bresse ;Kg;29,78
Bloedsinaasappelpuree (Boiron);Liter;6,61
Bloedsinaasappelsap;Liter;4,30
Bloem;Kg;0,99
BLOEM - GERST;Kg;9,00
BLOEM - GIERST;Kg;8,30
BLOEM - HAVER;Kg;11,25
Bloem - kastanje;Kg;17,56
Bloem - rogge;Kg;2,49
Bloem - spelt;Kg;4,79
BLOEM - SPELT VOLKOREN;Kg;4,98
BLOEM - TEFF MEEL;Kg;8,10
Bloem (glutenvrij);Kg;1,00
Bloem volkoren;Kg;1,56
Bloem voor bruin brood;Kg;1,37
Bloem voor pizza 00;Kg;1,78
Bloem voor wit brood;Kg;1,49
Bloem Waldkorn;Kg;4,84
Bloem zelfrijzend;Kg;1,19
Bloemen Afrikaantjes (ravier);Stuk;7,70
Bloemen citrus-afrikaantjes (ravier);Stuk;5,99
Bloemkool baby;Stuk;8,24
BLOEMKOOL DV (2,5 kg )minute;Stuk;6,69
Bloemkool Paars;Stuk;4,85
Bloemkoolroosjes Bonduelle DV (2,5kg);Stuk;6,69
Boekweitmeel;Kg;6,35
Boekweitzaden;Kg;16,10
Bokkenpootjes;Stuk;0,96
Bonduelle roerbakgroenten 4 seiz. 2500 gr DV;Stuk;13,37
Bonduelle wok thai DV à 2500gr;Stuk;10,08
Bonduelle world mix mediterranea 2500 gr DV;Stuk;21,40
Bonekruid;Stuk;2,44
Bonen - BOTER GELE;Kg;8,12
Bonen EXTRA FIJN (gekuist);Kg;11,36
Bonen rood (blik 0,5 L);Stuk;0,91
Bonen rood easy bag à 3 L;Stuk;3,90
Bonen SNIJBONEN;Kg;8,89
Bonen WIT (360g);Stuk;1,20
Bonen wit gedroogd;Kg;3,33
Bonen wit,cannellini,brick (Bonduelle);Stuk;1,20
Bonitovlokken;Kg;90,28
BOOMSTAMMETJES ;Stuk;0,87
BOONTJES DV (2,5kg);Stuk;8,22
Borage cress;Stuk;2,19
Borlotti bonen (blik 2.6 L);Stuk;4,01
Bosaardbeien (100 gr.);Stuk;10,42
Bosaardbeienlikeur;Fles;17,51
Bosaardbeienpuree DV (Boiron);Liter;15,48
Bosbessen DV;Kg;5,92
Bosbessenkonfituur 450g;Stuk;2,73
Bosbessensap;Liter;5,00
Boschampignons mix gedroogd;Kg;29,80
BOSDUIF;Stuk;6,15
BOSVRUCHTEN diepvries;Kg;3,72
Boter - toereer Isigny;Kg;7,85
Boter ongezouten;Kg;7,96
BOTERKOEKEN  assortiment;Stuk;0,50
Bounty;Stuk;0,54
BOUQUET des moines;Kg;20,27
Bourgogne rood;Fles;7,12
Bourrache bloem(ravier);Stuk;7,69
BOURSIN aux fines herbes;Kg;19,47
BOURSIN natur;Kg;17,42
Braambessenpuree (Boiron);Liter;9,62
Brandnetel;Stuk;3,75
Breseliennenootjes;Kg;9,63
Bressac Cognac;Fles;17,63
Bressaola;Kg;21,40
Bretoense vissoep;Stuk;12,57
BREYDELSPEK (fijn gesneden);Kg;7,48
BREYDELSPEK (stuk);Kg;7,48
BRIE Damse ;Kg;17,34
BRIE de Meaux;Kg;23,21
BRIE Lorraine 60%;Kg;7,32
Briochebrood gesneden ;Stuk;4,32
BRIOCHEBROOD NIET GESNEDEN;Stuk;4,24
Broccoli;Stuk;1,37
Broccoli Chinese (phak kana);Kg;18,76
BROCCOLI DV (2.5 k);Stuk;10,83
Broccoli scheuten (ravier);Stuk;3,43
BROOD bruin niet gesneden;Stuk;1,28
Brood meergranen klein NIET gesneden;Stuk;1,75
BROOD Tramezzino bruin;Stuk;0,95
BROOD Tramezzino wit;Stuk;0,89
Brood wit gesneden;Stuk;2,00
BROOD WIT in de lengte gesned.;Stuk;1,28
BROOD Wit niet gesneden;Stuk;1,28
BROODJES ménage bruin;Stuk;0,45
BROODJES ménage wit;Stuk;0,45
Broodverbeteraar;Kg;13,13
Broyage 50/50;Kg;9,97
Broyage pur (amandelpoeder);Kg;17,66
Bruchettamix;Kg;40,42
Brugge Dentelle kaas;Kg;24,87
Brugs beschuit;Kg;28,07
BRUGSE Blomme ;Kg;20,23
Brugse zot blond;Fles;0,84
Brugse zot bruin;Fles;0,89
Bruine fonds pasta KNORR;Kg;15,06
Brunoise 5 groenten DV;Kg;1,28
Bruschetta mix;Kg;40,42
Brusselse kaas;Kg;1,00
Bubblegum roze;Kg;1,00
Bulgogi (Koreaanse bbq saus);Liter;8,60
Bulgur;Kg;3,34
Burrata;Kg;24,48
Butternut ;Kg;1,83
Cabrales(Spaans geit);Kg;25,91
Cacacoboter  Belcolade;Kg;10,90
Cacao Creme;Fles;8,47
cacao creme witte;Fles;8,47
Cacaopoeder;Kg;15,70
Cachaça;Liter;23,72
Cactusvrucht;Stuk;1,45
Cajun ;Kg;25,20
CAKE 4/4;Stuk;3,37
CAKE GEMARMERDE;Stuk;3,79
CALAMARES FRITTI;Kg;5,13
Calvados 70cl;Fles;17,77
CALX mugaritz;Kg;38,42
CAMBOZOLA;Kg;15,90
CAMEMBERT;Kg;19,72
CAMEMBERT 250g;Stuk;4,93
Campari;Fles;21,12
Canada dry (Ginger-ale);Fles;0,61
Canneloni;Kg;5,44
CANTAL;Kg;16,00
Capellini;Kg;2,36
CAPRICCIO AL SALAMI MILANO;Kg;25,10
Caprice des Dieux;Kg;21,35
Capucinebladeren (ravier);Stuk;4,79
Capucines bloemen (ravier);Stuk;7,69
Carambole;Stuk;2,25
Carciofini's(artisjok in olie);Stuk;10,65
Cardomon-poeder;Kg;52,20
CARPACCIO DV vgsn 20x70 gr;Kg;16,80
Carré confituur vers;Stuk;1,60
carré confituur vers bakplaat 40/60;Stuk;53,76
Casinobrood wit ongesneden;Stuk;2,29
Cassispuree (Boiron);Kg;7,62
Cava (Spaanse);Fles;7,50
Cavaillon (Charentais);Stuk;3,33
Cayenne;Kg;24,60
Cêpes (gedroogd);Kg;76,16
Cêpesjus in blik;50 cl;5,34
"Champignons "" MINI Eringy""";Kg;19,84
Champignons Akkerzwam;Kg;32,45
Champignons Anijszwam;Kg;32,45
Champignons beukenzwam bruin;Kg;1,67
Champignons beukenzwam wit;Kg;1,67
Champignons blauwpoot(paarse ridderzwam);Kg;43,21
Champignons CANTHARELLEN grijs;Kg;29,45
Champignons de Paris (bruin);Kg;5,32
Champignons ENOKI;Kg;21,90
Champignons Girolles;Kg;34,59
Champignons golden enoki;Kg;20,60
Champignons GROOT;Kg;3,98
Champignons KLEIN;Kg;4,24
Champignons OESTERZWAM;Kg;7,73
Champignons PIEDS DE MOUTON;Kg;41,09
Champignons Portobello (grote à 10 cm);Stuk;2,71
Champignons Ridderzwam-mousserons;Kg;43,21
Champignons Shi take mini;Kg;28,82
Champignons Shii-takee;Kg;18,87
Champignons TROMP. de la MORT;Kg;49,05
"Champignons""ERYNGI""";Kg;14,92
Chaource;Stuk;23,92
Chartreuse groen;Fles;18,94
Chaumes;Kg;19,90
Chavroux 150g;Stuk;3,17
Cheddar;Kg;16,10
Cherry;Fles;8,47
Chester;Kg;6,31
Chèvre 500gr;Stuk;7,21
Chiantiwijn;Fles;7,00
Chiazaad;Kg;27,50
Chicorei gedroogd (Pacha);Kg;4,28
Chilisaus (pikant);Fles;2,81
Chilischeuten (klein);Stuk;113,15
Chilli cress;Stuk;1,88
Chimay blond;Fles;0,70
Chimay bruin;Fles;0,70
Chimay kaas Grand Cru;500 g;9,45
Chinese -5 kruiden ;Kg;56,26
Chinese rijstvellen 22cm;pak;2,87
Chipirons (mini-inktvis);Kg;8,25
Choco nutella;Kg;9,40
Chocolade bakdruppels ;Kg;11,61
Chocolade calets - capuccino;Kg;10,32
Chocolade calets - caramel;Kg;10,91
Chocolade calets - honing;Kg;20,00
Chocolade calets - limoen;Kg;20,00
Chocolade calets - sinaasappel;Kg;10,45
Chocolade Callets 811(zwart);Kg;7,34
Chocolade Callets 823 (melk);Kg;6,72
Chocolade Callets CW2 (wit);Kg;8,08
Chocolade Caraibe 60% ;Kg;18,78
Chocolade Crisp pearl donker;Kg;13,51
Chocolade crisp pearls wit;Kg;14,38
Chocolade Gianduja;Kg;14,00
Chocolade Guanaja;Kg;15,24
Chocolade Ivoire (Valrhona);Kg;16,93
Chocolade Manjari;Kg;15,38
Chocolade repen donker;pak;1,00
chocolade staafjes;Kg;5,75
Chocolade STICK REMBRANDT;doosje;19,43
Chocolade-koffiebonen;Kg;13,10
Chocolademousse porties;Stuk;0,55
Chocoladeschilfers fondant;Kg;8,37
Chocoladeschilfers melk;Kg;7,88
Chocoladeschilfers wit;Kg;6,05
Chocoladetaart 8 pers. vers;Stuk;13,18
Chocoladetruffel;Stuk;0,44
CHORIZO;Kg;9,80
CHORIZO (varken,Duroc);Kg;14,10
Ciabatta;Stuk;0,74
Ciabatta mini;Stuk;0,50
CIDER;Fles;8,59
Citroen geconfijt met zout;Kg;6,10
Citroen verbena;Stuk;4,42
Citroenen;Kg;2,66
Citroengras ;Stuk;0,43
Citroenmelisse;Stuk;4,59
Citroenpuree (Boiron);Liter;6,39
citroensap;Liter;6,01
Citroensiroop;Liter;10,41
Citroensiroop (Monin);Liter;10,41
Citroensorbet;Liter;5,47
Citroenthym;Stuk;1,75
Citroenzuur (acide citrique);Kg;3,50
CLAMS;Stuk;0,60
CLAMS;Kg;13,25
Cocacola;Stuk;0,61
Cocktailgarnalen met staart;Kg;22,70
Cognac keuken;Fles;19,92
Cointreau;Fles;27,86
Comté;Kg;23,13
Confituur - Aalbessen (450 gr);Stuk;1,83
Confituur - Kersen (450 gr);Stuk;2,35
Confituur aalbes light bio;Stuk;3,73
Consommè Double pasta (1.5 Kg);Stuk;19,13
CONTRE FILET ;Kg;12,80
CORDON BLEU;Stuk;0,87
Cornetto;Stuk;1,46
Cornflakes 400 gr;Stuk;2,75
COTE A L'OS à 1 kg;Stuk;13,95
COTE A L'OS à 500 gr;Stuk;6,98
Cottage cheese;Kg;10,50
Courgette;Stuk;1,02
Courgette geel;Stuk;3,21
Courgettebloem;Stuk;2,37
Courgetteblokjes DV;Kg;1,97
Couscous;Kg;5,77
Couscous grove parel;Kg;4,50
Couscous tomaat fijn;Kg;4,18
Cranberry sap;Liter;3,55
Crazy pea (grote doos);Stuk;10,74
Crème de Cassis;Fles;12,19
CREME PASTEI;Kg;7,60
CREPINETTEN;Stuk;0,80
Croissant;Stuk;0,49
Crosnes;Kg;26,82
Crottin Chavignol;Stuk;2,51
Cubebe peper;Kg;83,39
Cuberdons;Kg;12,01
Curacao Blue;Fles;11,47
Curacao Orange;Fles;7,37
Dadels (250 gr.);Stuk;1,42
Daikoncress;Stuk;1,45
Damme ;Kg;7,80
Damse Mokke;Kg;14,75
Dashi - Jiru (Tosazu);Fles;6,90
Dashi no moto (vispoeder);Kg;18,14
De Koninck blond;Fles;1,41
Decorgel (koude toepassing);Liter;3,10
Demi-glace (Knorr 1L);Stuk;5,18
Desem breekbroodjes bruin(pak à 24 st);pak;2,86
Desem breekbroodjes Toscaan (pak à 24 st);pak;3,02
DESEM poeder SPELT;Kg;28,30
Deus;Fles;2,00
Dextrose;Kg;1,35
Dille;Stuk;1,72
Dragon;Stuk;1,82
Drambuie;Fles;20,35
Driezaadjes pistoletje;Stuk;0,57
Droge rode bonen;Kg;0,91
Druiven ( witte zonder pit);Kg;6,23
Druiven BLAUW;Kg;2,96
Druiven blik 0.5L;Stuk;2,13
Druiven WIT;Kg;4,49
Druivenpitolie (1 L.);Liter;9,70
Druivensap blauw;Liter;1,00
Druivensap wit;Liter;1,00
Druivensuiker;Kg;1,00
DUIF Afval-karkas;Kg;1,50
DUIF Franse;Stuk;6,73
Duindoornbessen DV;Kg;24,38
DUIVENBORSTFILET;Stuk;7,66
Duke of Birkshire carré 1,3kg;Stuk;18,60
Duke of Birkshirekotelet MB 500g;Stuk;6,98
Dulse gedroogd (zakje 25 gram);Stuk;2,48
DUNNE LENDE Westvlaams rood;Kg;24,10
Duvel;Fles;2,95
Eau de vie Absinth;Fles;39,05
Eau de vie Bourgeons de Sapin;Fles;21,86
Eau de vie de Framboise;Fles;17,92
Eau de vie de Kirsch;Fles;11,41
Eau de vie de Mirabelle;Fles;17,75
EAU DE VIE DE MYRTTILLES;Fles;12,00
Eau de vie de Poire;Fles;22,89
EAU DE VIE DE QUETCH (PRUIMEN);Fles;15,50
Eau de Villee;Fles;27,62
Eclair (vers);Stuk;1,56
Edamame bonen (Japanse sojaboon);Kg;6,18
Edelgistvlokken (Dr Ritter);Kg;28,60
EEND BARBERIE;Stuk;17,38
EEND WILD;Stuk;8,85
EEND WILD (afval);Kg;3,40
EEND WILD borst;Stuk;2,00
EENDEBORST enkel 300 gram;Stuk;4,42
EENDEBORST k.gerookt;Stuk;9,60
EENDEBORST k.gerookt long sliced;Kg;51,40
EENDEBORST vers Canette;Stuk;2,01
EENDEBORST w.gerookt ;Stuk;9,60
EENDEBORST w.gerookt long sliced;Kg;51,40
EENDELEVERPASTEI (torchon);Kg;58,18
EENDENBOUT Gekonfijt;Stuk;2,88
EENDENBOUT(vers);Stuk;2,46
EENDENLEVER DV  porties van 50 gr;Kg;2,55
EENDENLEVER DV  porties van 50 gr;Portie;2,55
EENDENLEVER Gerookt;Kg;42,82
EENDENLEVER Rauw ;Kg;29,21
EENDENMAGEN (gekonfijt);Kg;15,50
EENDENMAGEN (vers);Kg;10,50
Eendenpastei;Kg;10,55
EENDENPASTEI  ficell (rol.à 230gr);Stuk;11,64
Eendenvet;Stuk;5,79
Ei - geheel (brick);Liter;3,45
Eiernoedels;Kg;3,64
Eigeel;Liter;6,32
Eiwit;Liter;3,33
Elastic (Sosa);Kg;73,80
Elbly Nieuwe Tarwe;Kg;4,51
Elexir de Anvers;Fles;26,25
Emmental blok ;Kg;7,97
Emmental gemalen;Kg;4,49
Engelse saus-Worcestershire KL;Stuk;3,99
Engelwortel (angelique) Gekonf.;Kg;28,72
ENTRECOTE IERSE RIBEYE à 300 gram;Stuk;7,21
ENTRECOTE ZB (Belgische rib eye);Kg;20,45
Epoisses;Kg;34,40
Erwtaspergescheuten;Stuk;2,25
Erwten (gedroogd);Kg;1,67
ERWTEN Extra fijn DV  (2.5 K);Stuk;6,95
Erwtjes (niet uitgedaan, in peul);Kg;9,75
Erwtjes (uitgedaan);Kg;23,20
Espresso III bonen;Kg;29,28
EVERZWIJN FILET met vlies;Kg;21,00
EVERZWIJNRAGOUT;Kg;5,06
Exotische vruchtenpulp(Boiron);Kg;7,05
Explorateur;Kg;29,50
Falernum;Liter;21,84
Fanta orange ( 25 cc.);Stuk;0,49
Farfalle;Kg;2,86
Farfalle 3 kleuren(strikjes);Kg;2,86
FAZANT Afval-karkas;Kg;3,40
FAZANT HEN;Stuk;13,50
FAZANTENBORST(enkel);Stuk;2,06
FAZANTENBOUT;Stuk;2,06
FAZANTENPASTEI;Kg;9,99
Fenegriek;Kg;16,71
Feta blok;Kg;17,15
Fetablokjes in marinade ;Kg;6,17
Fettuccini ;Kg;7,56
Feuilles de brickes (pakje à 10 st);Stuk;1,54
Feuilletine;Kg;13,47
FILET D'ANVERS Schelletjes (stuk=250g);Stuk;4,53
FILET de Anvers;Kg;22,00
FILET PUR (Belgisch);Kg;27,00
Filodeeg;Stuk;3,27
Fishermans Friends muntjes;Kg;1,00
Florentine-mix;Kg;18,48
Foccacia DV;Stuk;3,41
Foelie poeder;Kg;4,00
Foelie(schors);Kg;108,97
FOREL LEVEND  (ca. 5/kg);Stuk;1,57
Foreleitjes;Kg;94,00
FORELFILET GEROOKT(1 filet);Stuk;1,45
Fourme de Montbrison;Kg;19,31
FRAMBOZEN  diepvries;Kg;6,40
Frambozen (125 gr.);Stuk;3,07
Frambozen essence (extract);Liter;60,40
Frambozenbier (25 cc.);Fles;0,63
FRAMBOZENCOULIS (spuitbus Boiron);Liter;11,52
Frambozengelei (375 gr.);Stuk;3,51
Frambozenlikeur;Fles;8,81
Frambozenpoeder SOSA;Kg;136,65
FRAMBOZENPUREE (Boiron);Kg;9,10
Frambozensorbet;Liter;6,48
Frangipannetaart 40/60;Stuk;53,76
FRANKFURTER WORSTJES vers;Kg;8,60
Freekeh;Kg;13,40
Fregola pasta (geroosterd);Kg;8,80
Frituurolie (emmer 10 L.);Stuk;24,81
fruit gekonfijt;Stuk;2,60
Fruit gekonfijt;Kg;5,86
FRUITTAART (croutedeeg) 8 pers;Stuk;8,50
Fuere wakame (gedroogd krulwier);Kg;103,40
Fumet vis KNORR;Kg;4,05
Funny blue alcoholvrij ;Liter;4,95
Funny Pisang;Fles;4,96
Fysalis(ravier);Stuk;2,02
Galangawortel;Stuk;6,07
GAMBA  DV (8/12);Stuk;1,66
GAMBA 20/KG;Stuk;0,74
Gancia;Fles;5,41
Ganzenvet;Kg;9,07
Garam masala;Kg;26,65
GARNAALKROKET diepvries;Stuk;0,98
GARNALEN GRIJS GEPELD;Kg;28,48
GARNALEN GRIJS ONGEPELDE;Kg;12,40
GARNALEN ROZE ONGEPELDE;Kg;12,45
GARNALENAFVAL;Kg;4,75
GARNALENPASTA;Stuk;8,46
Gazpacho;Liter;4,43
Geatomiseerde glucose ;Kg;2,31
Gebuild meel;Kg;2,49
Gedroogde hoorn des overvloeds;Kg;40,06
Gedroogde mais;Kg;3,70
GEEP (Meivis);Kg;12,97
GEHAKT gemengd;Kg;3,45
Gehaktballetjes soep;Kg;3,23
GEHAKTBROOD à 1 kg !!!!;Stuk;3,95
Geitekaas (met korst);Kg;8,95
Geitenkaas bio crottin;Stuk;3,42
Geitenkaas buche nature 500 gram;Kg;15,10
Geitenmelk;Liter;3,25
Gel vegetale (Sosa);Kg;43,68
Gelatinepoeder;Kg;33,76
Gelburger (Sosa);Kg;41,30
Gelcrema (Sosa);Kg;32,70
Gele biet;Stuk;1,23
Gele boterraap;Stuk;1,31
Gele kiwi;Stuk;0,81
Gelespessa (Sosa);Kg;29,54
Gelificant;Kg;16,50
Gemalen pizzakaas;Kg;3,79
GEMALEN RUNDERSCHENKELVLEES;Kg;3,20
GEMALEN RUNDERVLEES (zuiver americain);Kg;6,90
Gemar.pijlinktvis;Kg;11,05
Gemarineerde gember;Stuk;21,24
Gember;Kg;3,54
Gember gekonfijt op siroop;Liter;30,12
Gember op azijn(Amazu Shoga);Stuk;3,61
Gemberpoeder;Kg;20,89
GEROOKTE EVERZWIJNFILET voorgesneden;Kg;36,52
GEROOKTE EVERZWIJNHAM;Kg;71,80
Gerookte knoflook;Kg;18,93
GEROOKTE RIVIERPALINGFILETS;Kg;47,29
GERST;Kg;3,10
GEVOGELTEGYROS;Kg;7,90
Gewurztraminer;Fles;12,48
GEWURZTRAMINER LES SORCIERES;Fles;6,00
Gezouten boter;Kg;6,28
Ghee;Liter;18,90
Gierst;Kg;4,70
Gierst (Mugaritz);Kg;9,29
Gin (1 L.);Fles;23,95
Gin Bombay;Fles;26,81
Gin Hendrickx;Fles;32,58
Gist;Kg;5,00
Gistpoeder;Kg;34,55
Gistvlokken;Kg;1,00
Glasnoedels (soja);Kg;7,00
Glucose;Kg;3,19
Glycerine;Kg;10,46
Golden syrup;Liter;21,50
Gorgonzola ;Kg;11,70
Gouda Belegen;Kg;12,32
Gouda jong (blok);Kg;4,91
Goudblaadjes;Stuk;2,14
GOUDBRASEM(400/600) bruto;Stuk;5,02
GOUDBRASEMFILET à 150 gram;Stuk;1,47
Gouden Band Liefmans;Fles;9,75
Goudpoeder;Kg;628,00
Grana Padano (300 gram);Kg;15,53
Granaatappelpuree DV (Boiron);Liter;9,40
Granaatappelsap;Liter;7,67
Grand Marnier ;Fles;32,53
Granny Smith puree (Boiron);Kg;5,36
Granny Smith puree (Boiron);Liter;5,36
Granola;Kg;13,98
Gravlaks (voorgesneden);Kg;20,60
Grenadine (Monin);Liter;11,83
Griekse pasta ;Kg;3,04
GRIET bruto  1,6 Kg;Stuk;13,17
GRIETFILET;Kg;12,81
Grimbergen Triple;Fles;0,64
Griottes (puree Boiron);Kg;10,93
Griottes op cointreau;Liter;15,05
GRISON;Kg;18,10
Groene meloen Honey Dew;Stuk;3,89
Groene peperbolletjes 60ml (op sap);Stuk;1,29
Groene tabasco;Stuk;2,48
Groene Thee poeder Matcha(Sosa);Kg;284,63
Groene theebladeren;Kg;57,00
Groentebouillon (Knorr pasta);Kg;12,60
Groentebouillon Knorr vloeibaar;Liter;11,73
Groentemacedoine (2,5l);Stuk;5,10
GROENTENBURGER (112 gr);Stuk;0,52
Groentenfrietjes (Ardo DV à 2 kg);Stuk;5,64
Groentenkrustie à 125 gr;Stuk;1,26
Gruyère blok;Kg;24,38
Gruyère gemalen;Kg;13,16
Gruyere plakjes;Stuk;0,90
Guargom (zonder gluten);Kg;44,16
Guignolet au Kirsch;Fles;12,85
Guimauve OLV (Etna);Kg;4,60
Guiness (33 cl);Fles;2,80
GYROS (gemarineerd);Kg;5,20
HAAS gekuist;Stuk;23,00
Hagelslag melkchocolade;Kg;3,18
Halloumi;Kg;2,76
HAM ARDENSE 1/2 cm dik schijf;Stuk;3,90
HAM Ardense MB;Stuk;9,20
HAM Ardense ZB;Kg;9,82
HAM Cobourg;Stuk;12,80
HAM Cobourg schijfjes;Stuk;0,43
HAM gekookt;Kg;8,10
HAM gekookt schijfjes;Stuk;0,54
HAM Gekookt schijven dik à 1 cm;Kg;7,20
Ham met been(RAUW gepekeld ger;Stuk;8,10
HAM Parma (schijf à 2 cm dik);Stuk;3,36
HAM SERRANO (MET BEEN en poot);Stuk;14,10
HAMBURGER (GEMENGD);Stuk;0,70
HAMBURGER BECKERS 100GR;Stuk;0,52
Hamburger mini fijn gemalen 60 gram;Stuk;0,47
HARING gerookt;Stuk;1,53
HARING vers ;Stuk;1,51
HARING-MAATJES;Stuk;1,33
HARING-op-azijn PER STUK;Stuk;2,26
Harissatube;Stuk;0,90
Haver gedroogd;Kg;4,10
Havermeel;Kg;10,60
Havermout;Kg;2,89
Haverroom;Liter;5,00
Haverwortel;Kg;14,21
HAZEBILLEN;Stuk;4,50
HAZECIVET;Kg;13,00
HAZELEVER;Stuk;8,00
Hazelnoot gemalen;Kg;41,76
HAZERUG vers;Stuk;19,00
HEEK Bruto (Mooie meid);Kg;5,53
HEEKFILET (Mooie meid);Kg;5,94
Heidebitt;Fles;17,00
HEILBOT ger. niet voorgesne(geheel);Kg;24,49
HEILBOT gerookt voorgesneden;Kg;34,55
Hennepzaad;Kg;38,33
HERT BOUT ZB ;Kg;18,80
HERT FILET schoon;Kg;30,50
HERT GOULASH (voor stoverij);Kg;12,39
HERT kôtelet (racks);Kg;33,50
HERT schouder ZB;Kg;6,80
HERTBOUT 4TECHN DELEN;Kg;18,80
Herve ;Kg;19,30
Hijiki wier;Kg;96,29
Hoegaarden;Fles;0,54
Hoisinsaus;Liter;9,80
Hoji Blanca Valderama;Liter;24,36
Hokkaido pompoen;Kg;2,24
Hollandaise VERSTEGEN;Liter;6,81
Hommelbier uit Watou;Fles;0,75
HONDSHAAI gekuist bruto;Kg;9,85
Honey cress;Stuk;2,71
Honing Acacia ;Kg;11,02
Honing Lavendel;Kg;19,12
Honing vast 500g;Stuk;2,94
Honing vloeibaar 450g;Stuk;4,18
Honingmosterd;Stuk;2,57
Hooi;Kg;1,30
Hot Dogworstjes 2.5l-32 st;Stuk;21,80
Hotelcake;Stuk;2,50
IBERICO kroket DV à 65 gram;Stuk;1,40
Ice tea;Liter;1,68
Ijsblokjes;Kg;0,85
Ijskegels (per stuk);Stuk;2,45
Inktvis (sepia);Kg;8,25
Inktvisinkt 4gr;Stuk;0,47
Instantgel (Sosa);Kg;28,52
Izarra groen;Fles;13,58
Jamaicaanse peperbollen;Kg;49,60
JAMBON DE BAYONNE schijfjes;Stuk;0,80
Japanse groene theepoeder(Matcha);Kg;284,63
Jasmijn bloem (ravier);Stuk;7,70
Jasmijnthee;Stuk;6,88
Javanais (Debailleul) DV;Stuk;11,46
Javanais gebakje vers;Portie;1,60
Jenever glas (5 jr.);Fles;11,33
Jeneverbes;Kg;34,84
Juliennegroenten (DV 2,5 kg);Stuk;3,27
Kaaskroket;Stuk;0,66
KABELJAUW bruto ;Kg;11,40
KABELJAUW SKREIHAASJE met vel;Kg;7,95
KABELJAUW SKREIHAASJE met vel;Kg;20,95
KABELJAUW SKREYFILET ZONDER VEL;Kg;7,95
KABELJAUWFILET 400/600;Kg;13,58
KABELJAUWHAASJE  met vel (royale);Kg;20,76
KABELJAUWHAASJE  portie125 gr;Stuk;1,88
KABELJAUWHAASJE zonder vel (royale);Kg;21,54
KABELJAUWMOTEN à 240 gr;Stuk;2,85
Kadetje maanzaad;Stuk;0,57
Kadetje sesamzaad;Stuk;0,57
Kahlua;Fles;11,02
Kalamansi puree DV Boiron;Liter;8,70
KALFS- Ossobucco(gezaagd) ;Stuk;3,27
KALFSBEENDEREN;Kg;2,80
KALFSBLANKET;Kg;8,60
KALFSCARRE MB (zonder hiel);Kg;14,80
KALFSFILET;Kg;27,10
KALFSFILET (Peters farm à 1 kg);Stuk;24,80
KALFSGEBRAAD;Kg;18,70
KALFSGEHAKT;Kg;5,85
KALFSHERSENEN;Stuk;5,80
Kalfsjus Knorr  brick;Liter;6,58
KALFSLAPJES (STUK);Stuk;1,85
KALFSLAPJES 120gram;Stuk;1,85
KALFSLEVER;Kg;14,10
KALFSNIEREN;Stuk;6,20
KALFSPOTEN Gezaagd;Kg;3,80
KALFSRIBSTUK DUBBEL (0,9 kg);Stuk;15,27
KALFSRIBSTUK ENKEL (0,5 kg);Stuk;8,40
KALFSRIBSTUK Z.B.;Kg;21,00
KALFSSCHENKEL;Kg;11,80
KALFSSTEAK  ( médaillon ) à130 gr;Stuk;2,11
KALFSTONG;Kg;9,80
KALFS-VARKENSgehakt gemengd;Kg;4,20
KALFSWANGEN;Kg;14,60
KALFSWANGETJES;Kg;14,60
KALFSZWEZERIK HART;Kg;33,00
KALKOEN OSSO-BUCCO 130 gr Bovenbil;Stuk;5,30
KALKOENBLOKJES VERS;Kg;8,80
KALKOENBORST;Kg;5,90
KALKOENBORST  in reepjes;Kg;3,10
KALKOENBROCHETTEN à 150 gram;Stuk;1,64
KALKOENBROCHETTEN à 175 gram;Stuk;1,89
KALKOENRAGOUT;Kg;5,25
KALKOENROLLADE 1STE KEUS FILET;Kg;9,15
KAMUT;Kg;6,92
Kaneel gemalen;Kg;16,02
KANGOEROE Filet;Kg;13,50
Kappertjes (2 L.);Stuk;33,70
Kappertjes-appel 750ml;Stuk;5,28
Kappertjes-gepekeld;100 g;1,68
Kardomon Peulen;Kg;49,50
Karwij gemalen;Kg;18,00
KASSELRIBSTUK;Kg;7,20
Kastanje-crème zoet;Liter;6,42
Kastanjepuree (0.5L);Stuk;3,05
Kastanjes gekookt (bokaal);Liter;1,00
Kasteelbier;Fles;1,32
Kasteelbier bruin;Fles;0,75
Kataifi 450g;Stuk;4,61
KATEN spek;Kg;7,30
Keiemse bloempjes;Stuk;6,29
Kemiri pasta (notenprod.);Stuk;1,69
Kerrie;Kg;17,26
Kerriepasta (rood-hot);Kg;7,33
Kerriepasta groen;Kg;7,33
Kerriepasta(geel-mild);Kg;7,33
Kerriepoeder rood;Kg;16,30
Kersen;Kg;17,52
Kersen MARASCH. met steel 225g;Stuk;1,56
Kersen MARASCHzonder st. 225gr;Stuk;1,61
Kersen Morellen (Fruitlife);Kg;3,50
Kersensap;Liter;4,99
Kervel;Stuk;1,72
Kervel (Romeinse);Stuk;4,34
Kervelwortel;Kg;23,53
Ketjap asin;Liter;3,74
Ketjap manis;Liter;3,26
Kibowi;Fles;9,50
Kidibull Appel;Liter;3,72
KIKKERBILLEN DV;Stuk;0,72
Kikkererwten (brick 500 gram);Stuk;0,80
Kikkererwten (droog);Kg;1,84
Kikkererwten (zak à 3 L);Stuk;6,47
Kikoman light soysauce;Fles;7,35
Kikuna leaves (ravier);Stuk;8,30
King krab ( blik netto120 gr.);Stuk;12,48
KING KRAB POTEN;Kg;40,95
KIP CORDON BLEU;Stuk;1,25
KIPBROCHETTE 180gr;Stuk;1,75
KIPBROCHETTE ANANAS 200 g;Stuk;1,75
Kippebouillon pasta (1.5 Kg);Stuk;22,39
KIPPEFILETS dubbel;Stuk;3,26
KIPPELEVER;Kg;2,70
KIPPEN 1,2 kg.;Stuk;4,68
KIPPEN Afval;Kg;1,25
KIPPEN Bresse;Stuk;30,88
KIPPEN SOEP-(1,5 kg);Stuk;3,60
KIPPEN Zwartpoot;Stuk;8,69
KIPPENBILLEN;Stuk;1,49
KIPPENBLOKJES VERS;Kg;6,89
KIPPENBOUTJES (Apero DV);zak;8,45
KIPPENFILET enkel ;Stuk;0,78
Kippenfilet enkel Bistro à 130 gram;Stuk;0,67
KIPPENFILET Gerookt (dubbel);Stuk;3,63
KIPPENFILET GEROOKT voorgesneden;Kg;12,50
Kippenfonds vloeibaar;Liter;11,73
KIPPENFRICASSEE;Kg;6,39
KIPPENGEHAKT;Kg;5,79
Kippenkruiden;Kg;15,95
KIPPENMAAGJES;Kg;2,95
KIPPENSCHNITZEL150 gr;Stuk;1,28
KIPPENWORST vers 150gr;Stuk;0,91
Kiwano;Stuk;3,20
Kiwi;Stuk;0,65
Kiwi bessen (ravier);Stuk;4,37
KIWIPUREE (Boiron);Kg;3,41
KLEINE BOUILLA  (VISSOORTEN);Kg;10,00
Kleurstof geel vloeibaar;Fles;3,75
Kleurstof goud poeder;Kg;628,00
Kleurstof groen vloeibaar;100 ml;4,97
Kleurstof oranje vloeibaar;Liter;30,00
Kleurstof rode vloeibaar;Fles;9,94
Kleurstof rood poeder;Kg;170,40
Kleurstof zwart 20gr poeder;Fles;7,02
Knoflookpoeder;Kg;25,78
KNORHAAN Bruto;Stuk;3,46
KNORHAANFILETS;Kg;5,85
KNORHAANFILETS;Stuk;5,85
Knorr Aromaat (1 Kg );Stuk;8,45
Knorrsoep - Amerikaanse mais 1,5 kg;Stuk;14,03
Knorrsoep - asperges (1.5 Kg);Stuk;12,56
Knorrsoep - cresson (1.5 Kg);Stuk;13,68
Knorrsoep - gele paprika 1,5 kg;Stuk;22,45
Knorrsoep - kervel (1.5 Kg);Stuk;12,24
Knorrsoep - prei (1.5 Kg);Stuk;12,04
Knorrsoep - tomaten (1.5 Kg);Stuk;18,39
Knorrsoep -champignon (1.5 Kg);Stuk;13,20
Knorrsoep -kippecreme (1.5 Kg);Stuk;12,32
Knorrsoep -Minestrone (1,5 Kg);Stuk;18,68
Koekebrood;Stuk;1,89
Koekebrood gesneden;Stuk;2,80
Koekjes Amaretti;Kg;11,25
Koekjes BOUDOIR (doos 165 gr);Doos;2,46
Koekjes LEPEL-;Doos;2,67
Koekjes lukken Destrooper;Kg;10,29
Koekjes Madeira (doos 100 gr);Stuk;2,67
Koekjes PETIT BEURRE à 1 kg;Kg;7,73
Koekjes Prince fourré  vanille;Kg;5,00
KOEKOEK Filet enkel Mechelse;Stuk;2,15
KOEKOEK Mechelse;Stuk;8,80
Koffie gemalen;Kg;8,76
KOKKEL;Kg;8,45
KOKKELVLEES  DIEPVRIES;Kg;7,18
Kokos blok santen (crème);Kg;2,00
Kokosbloem;Kg;1,00
Kokosbloemsuiker;Kg;27,45
Kokosmelk 0.5 L;Stuk;2,35
Kokosnoot cream;Kg;9,85
Kokosnoot gemalen;Kg;6,62
Kokosolie;Liter;19,90
Kokosolie extra vierge;Liter;19,90
Kokospulp (Boiron);Kg;10,28
Kolen BLOEM-;Stuk;1,93
KOLEN Bloem groen;Stuk;3,75
Kolen BOEREN;Stuk;6,64
Kolen CHINESE;Stuk;1,50
Kolen GROEN;Stuk;1,40
Kolen Rabi;Stuk;1,25
Kolen Romanesco;Kg;3,80
Kolen Romanesco;Stuk;3,80
Kolen ROOD;Stuk;1,34
Kolen spits;Stuk;2,22
Kolen WIT;Stuk;1,10
Kombu zeewier gedroogd;Kg;86,00
Komijn (graantjes);Kg;8,43
Komijnpoeder;Kg;22,39
Komkommer;Stuk;1,01
Komkommerpuree DV (Boiron);Liter;6,22
KONIJN TAM;Stuk;11,78
KONIJN WILD;Stuk;8,50
KONIJNEBOUT(300gram);Stuk;3,86
KONIJNENFILET;Kg;16,40
KONIJNERUG (ca 400 gr);Stuk;3,64
KOOLVISFILET;Kg;10,90
Koolzaadolie;Liter;1,64
Koriander;Stuk;1,72
Koriander gemalen;Kg;19,55
Koriandergranen;Kg;22,36
KRABBEN;Stuk;4,60
KRABBEN - strand;Kg;8,95
KRABBEN (poten) Stuk;Stuk;0,49
KRAB-NAMAAK;Kg;4,40
KREEFT  CANADESE BABY;Stuk;8,40
KREEFT Bisque (diepvries);Kg;9,80
KREEFT CANADESE 450-550;Stuk;12,10
KREEFT CANADESE 650-750;Stuk;18,20
Krenten;Kg;7,98
KREUKELS vers ongekookt;Kg;10,75
Krieken blik kant en klaar (2,9 kg);Stuk;11,19
Krieken NOORD (0.6L);Stuk;1,52
Kriekenbier;Fles;3,98
Kroepoek;Kg;8,68
KROKODILLENFILETS;Kg;26,60
Kruidenpuree curry;Stuk;9,07
Kruidenpuree knoflook;Stuk;9,07
Kruidenpuree paprika;Stuk;9,07
Kruidnagel;Kg;42,05
Kruidnagelpoeder;Kg;42,97
Kummel(karwij);Kg;18,00
Kurkuma;Kg;17,52
Kuzu (mugaritz);Kg;139,44
KWARTEL afval,karkas;Kg;1,25
KWARTEL boutje;Stuk;12,65
KWARTEL ontbeend ;Stuk;3,40
KWARTELS;Stuk;2,38
Kweepeer;Stuk;0,42
Kweeperengelei;Kg;7,75
La Chouffe Café;Liter;13,29
Labbonen diepvries;Kg;3,36
LAMSBEENDEREN;Kg;2,10
LAMSBOUT MB met manchette;Kg;8,60
LAMSBOUT MB z.manchette;Kg;8,60
LAMSBOUT ZB ;Kg;9,65
LAMSBOUT ZB (Bistro);Kg;9,65
LAMSFILET;Stuk;4,28
LAMSFILET;Kg;21,40
LAMSGEHAKT;Kg;6,95
Lamsjus pasta;Kg;22,83
LAMSKOFFER;Stuk;14,80
LAMSKROON (per 2 stuks);Stuk;21,20
LAMSNAVARIN ;Kg;8,10
LAMSNIER;Stuk;4,00
Lamsoren;Kg;24,38
LAMSRAGOUT;Kg;9,80
LAMSSCHENKEL(voorbeen);Stuk;2,16
LAMSSCHOUDER;Kg;7,20
LAMSTONG;Stuk;0,86
LAMSZADEL;Stuk;14,80
LAMSZWEZERIK;Kg;14,00
LANGOUSTINES 16-20;Stuk;0,67
LANGOUSTINES 8/11;Stuk;1,46
Lardo di Calonnato(spek);Kg;10,20
Lardo Legato Aromatinato;Kg;10,20
Lasagna verdi (500 gr.);Stuk;2,47
Lasagna wit (500 gr.);Stuk;1,98
Lasagne vellen vers (geel);Kg;6,76
Lasagne vellen vers (groen);Kg;6,95
Laurierpoeder;Kg;23,20
Lavas;Stuk;1,72
Lavendel;Stuk;6,43
Lavendel (gedroogd);Kg;138,43
Lavendel extract;Stuk;12,79
Leerdammer;Kg;11,18
Leffe blond;1 Fles;0,60
Leffe dubbel (1/3);Fles;0,59
Lemon cress;Stuk;2,11
LENG Bruto;Kg;5,70
LENGFILET;Kg;13,44
Lijnzaad;Kg;16,77
Limoenen;Stuk;0,41
Limoenlikeur;Fles;8,78
Limoenolie;Stuk;19,37
Limoenpuree (Boiron);Liter;7,50
Limoensap;Liter;6,27
Limoensorbet;Liter;6,63
Limoncello;Fles;18,69
Linzen-groen (uit de Puy);Kg;2,96
Linzen-rode;Kg;4,64
Livarot;Kg;30,76
Loempia's;Stuk;0,75
LOMO (stuk);Kg;32,50
Lompvisei rood (50 gr.);Stuk;2,07
Lompvisei zwart (50 gr.);Stuk;1,96
Loo ;Kg;11,31
Look;Stuk;0,93
Look (gerookt);Stuk;1,35
Look gefermenteerd;Stuk;12,27
Lookolie;Stuk;11,99
Lotuswortel;Kg;31,34
Luikse Stroop (450 gram);Stuk;1,70
Luzernescheuten;Stuk;1,23
Lychee likeur;Liter;11,02
Lychee puree DV (Boiron);Liter;9,19
Lychees;Stuk;0,55
Lychees (0.5L);Stuk;1,18
Maanzaad;Kg;22,53
Macaroni;Kg;2,24
Macaronkoekjes;Stuk;2,12
Madera;Fles;7,11
Mais blik à 3 L;Stuk;8,06
Maiskolf (ravier,klein);Stuk;2,31
Maiskolf(vers);Kg;6,73
Maiskorrels (0.5L);Stuk;1,98
Maiskorrels DV;Kg;3,22
Maisolie;Liter;2,60
Maizena ;Kg;6,40
Maïzena express blond (250gr);Stuk;2,24
Maïzena express bruin (250gr);Stuk;2,24
MAKREEL (gerookt);Stuk;2,44
MAKREEL Bruto;Stuk;1,92
MAKREELFILETS;Kg;6,67
MAKREELFILETS GEROOKT;Kg;7,33
MALIBU;Fles;12,55
Malto ;Kg;51,15
Manchego(Spaans,schaap );Kg;16,12
Mandarijnpuree DV (Boiron);Liter;6,57
Mandarijnpuree DV (Boiron);Stuk;6,57
Mandarijnsorbet;Kg;6,69
Mandarine Napoleon;Fles;28,64
Mange tout;Kg;12,92
Mango (gedroogd);Kg;136,35
Mango (ready to eat);Stuk;2,63
Mangochutney;Stuk;5,38
Mangokonfituur 290g;Stuk;5,52
MANGOPUREE (Boiron);Kg;9,26
Maniok (yucca wortel);Stuk;1,40
Marachino;Fles;17,15
Marc de Bourgogne;75 cl;18,28
Marc de Champagne;Fles;14,66
Marc de Gewurztraminer;Fles;17,72
Maredret (Maredsous);Kg;7,03
Maredsous (vlootje);Stuk;3,08
Maredsous bruin;Fles;1,33
Margarine vloeibaar ;Stuk;9,25
Marjolein;Stuk;1,72
Maroille mignon 1/1;Kg;19,90
Marsala;Fles;9,80
Marsepein 33%;Kg;5,19
Marsepein 50 %;Kg;11,26
Martini Dry;Fles;4,00
Martini rood;Fles;6,59
Martini wit;Fles;6,59
Mascarpone;Kg;8,40
Mayonaise (10l);Stuk;15,99
Mayonaise 10 l;Liter;1,60
Meel van kikkererwten;Kg;4,04
Meergranenbrood gesneden;Stuk;1,55
MEERVAL Filets Diepvries;Kg;8,50
Melk - choco à 1 liter;Stuk;1,88
Melk gecondens-gesuik. (0.5L.);Stuk;2,33
Melk karne-;Liter;1,47
Melk -Karne;Liter;1,47
Melk mager;Liter;0,76
Melk Nutroma;Liter;4,68
Melk vol;Liter;0,62
Melkerijboter à 250 gr;Kg;7,96
Melkpoeder;Kg;13,85
Meloen (galia);Stuk;2,41
Meloensorbet;Liter;55,52
Melon&cream jenever (Smeets);Fles;10,55
MERG;Kg;8,10
Merinque poeder (Ovafina);Kg;23,26
Metaxa;Fles;12,52
Mexicaanse kruiden gedroogd;Stuk;14,83
Mexicaanse kruidenmengeling (Tex mex);Kg;21,19
MIE  SEN LEK(Thaise witte MIE);Kg;3,64
Mie-hoen (Chinese rijstvermicelli);Kg;5,56
Mierikswortel;Stuk;6,13
Mimolette jong ;Kg;24,85
Mimolette oud ;Kg;24,85
Mini aubergines (ravier);Stuk;6,22
Mini pâtisson (groen);Stuk;0,63
Mini pâtisson(geel);Stuk;0,63
Mini pompoen;Stuk;1,69
Mini Prei (ravier);Stuk;14,25
Mini Rapen (ravier);Stuk;14,32
Mini venkel (ravier);Stuk;12,89
Mini Wortelen (ravier);Stuk;12,13
Mini wortelen geel (ravier);Stuk;13,31
Mini-courgette;Stuk;0,64
Mini-courgette met bloem;Stuk;5,80
Mirin (rijstwijn);Fles;4,68
Miserable (Debailleul)DV;Stuk;11,97
Mokka aroma(Trablit);Liter;50,87
Morieljes (Diepvries);Kg;45,45
Morilles gedroogd;Kg;605,50
MORTADELLA;Kg;12,60
MOSSELEN ;Kg;4,30
MOSSELEN Bouchot;Kg;5,95
Mosterd (2 L.);Stuk;9,32
Mosterd (Dragon) 210g;Stuk;2,61
Mosterd (Tierentijn);Stuk;3,96
Mosterd cassis 205g;Stuk;2,90
Mosterd met kervel;Kg;11,12
Mosterd met sjalotten;Kg;10,28
Mosterdfruit (190 gram);Stuk;3,42
Mosterdkruid rood (ravier);Stuk;2,13
Mosterdpoeder;Kg;30,91
Mosterdzaad geel;Kg;7,75
Moutarde de Meaux (0.5 L.);Stuk;7,01
Mozzarella;Kg;7,43
MOZZARELLA (zakje à 125gr );Stuk;1,88
Muesli;Kg;6,50
Munster Ermitage 8 cm;Kg;15,82
Munt;Stuk;1,73
Munt groen;Fles;5,46
Munt wit;Fles;5,56
MUSCADET DE SEVRE ET DE MAINE;Fles;21,10
MUSCAT D'ALSACE;Fles;7,00
Muscat de Beaumes de Venise;Fles;21,10
Muskaatnoot gemalen;Kg;49,46
Muskaatwijn;Fles;7,00
Mustard cress;Stuk;1,82
Mycryo 600g;Stuk;11,57
Nanami Togarashi ;Kg;45,46
Napoleon (citroensnoepjes);zak;8,12
Napoletana sce 3kg;Stuk;10,07
Nashi-peer(Japans);Stuk;0,95
Natrium bicarbonaat (maagzout);Kg;5,65
Nectarines;Stuk;1,40
Nieuwjaarslukken(Destrooper);Kg;10,29
NOBASHI Garnalen (schaaltje 20st);Stuk;11,35
Noedels Soba ( boekweit Japans);Kg;18,40
Noedels Udon ;Kg;8,80
Noilly Prat;Fles;12,47
Nori (zeewierbladen);Stuk;0,47
Noten Amandel gepeld;Kg;17,66
Noten Amandelen geschaafd;Kg;18,88
Noten amandelen stiften;Kg;27,04
Noten Cashew;Kg;17,26
Noten Dennepit(pijnboompit);Kg;43,36
Noten -hazel (gepeld);Kg;22,24
Noten Hazel (ongepeld);Kg;20,69
Noten Kastanjes vacüum gegaard;Kg;14,43
Noten Kemiri;Kg;16,90
Noten Kokos;Stuk;1,98
Noten Macadamia (gepeld);Kg;33,38
Noten Pecan;Kg;26,83
Noten Pinda (nt gezouten);Kg;8,95
Noten Pinda gezouten;Kg;5,45
Noten Pistache (gepeld);Kg;111,97
Noten Wal;Kg;17,43
Noten Wasabi;Kg;6,00
Notenbrood;Stuk;1,94
Notenbrood gesneden;Stuk;3,48
Notenlikeur;Fles;18,28
Notenolie HAZEL- (0.5 L.);Stuk;9,93
Notenolie WAL- (0.5 L.);Stuk;3,83
Nouga grain merk Vital;Kg;11,50
Nougatine;Kg;5,84
O L vrouwtjes (guimauve);Kg;4,78
Oesterbrood ( toast ) bruin gesneden;Stuk;3,72
Oesterbrood ( toast ) gesneden;Stuk;3,52
OESTERS Creuses;Stuk;0,72
Oestersaus;Fles;1,36
Olie - basilicum;Liter;39,60
Olie-chili;Liter;23,92
Olijfolie (1 L.);Liter;4,97
Olijfolie Ocal valderama;Liter;31,32
Olijfolie tras os montes;Liter;9,68
Olijfolie-spaanse met zoete paprika;Liter;23,92
Olijven gemarineerd met feta;Kg;6,91
Olijven groen met pit;Liter;8,67
Olijven groen ontpit;Liter;6,29
Olijven in marinade;Kg;9,34
Olijven tapenade groen;Kg;11,91
Olijven tapenade zwart;Kg;12,14
Olijven zwart ontpit;Liter;2,33
Onze-Lieve-Vrouwbedstro;Stuk;4,65
Oploskoffie Nescafé ;Stuk;5,94
Oranjebloesem extract (15ml);Stuk;0,81
Oregano;Stuk;1,73
Oregano;Kg;259,00
Oreo koekjes;Kg;2,10
Oreo koekjes;pak;2,10
OSSESTAART;Kg;6,10
Oud Brugge ;Kg;19,60
OUZO;Fles;9,22
Ovoneve eiwitpoeder (Sosa albumina);Kg;71,78
Paardebloem (pisenlit);Stuk;4,44
PAARDENFILET;Kg;10,80
PAARDENTOURNEDOS;Kg;10,80
Pacific;Fles;5,01
Paella kruiden;Kg;20,84
Paksoy (ART.4721545) chin.kool;Stuk;1,50
Paksoy groot;Stuk;2,29
Paksoy(baby Shanghai);Stuk;2,29
Palatinose;Kg;8,03
PALING rivier- VERS;Kg;17,44
PALING rivier-(gerookt)niet voorgeneden;Kg;24,85
Palm Royale;Fles;0,70
Palmhart (400g);Stuk;2,05
Palmsuiker;Kg;10,19
PALOURDES;Kg;13,95
PANCHETTA;Kg;14,10
Pancoating spuitbus;Stuk;4,37
PANDANrijst(Thaise langkorrel);Kg;3,36
Paneermeel;Kg;1,59
Paneermeel (rood);Kg;1,80
Panko (Japans broodkruim);Kg;9,67
Papadum (doos v 10 st à 10gr);Stuk;2,60
Papadum (doos van 10 x 10 gram);Stuk;2,60
Papaja (ready to eat);Stuk;3,96
Pappardelle;Kg;6,34
Paprika gesneden D V;Kg;2,34
Paprika poeder;Kg;19,40
PARELHOEN;Stuk;7,83
PARELHOEN filet m.vel enkel;Stuk;2,61
PARELHOEN filet m.vleugel;Stuk;2,54
Parijse worteltjes (DV 2,5 kg);Stuk;3,95
Parmesan gemalen;Kg;13,15
Parmezan (blok);Kg;15,53
Pas-de-bleu ;Kg;24,65
Passendale Groot Hof ;Kg;16,17
Passendale St. Paulin ;Kg;11,31
Passievruchten;Stuk;0,70
Passievruchtenpuree (Boiron);Kg;9,14
Passievruchtensap;Liter;1,50
Passievruchtensorbet;Liter;5,55
Passoa;Fles;15,13
Pastinaak;Stuk;0,83
Pastinaak;Kg;3,32
PASTRAMI schijfjes;Stuk;0,42
PATA NEGRA schijfjes;Stuk;0,69
Pate aux pistaches;Kg;36,50
Pate noisette ;Kg;19,72
Pâte noisette SOSA;Kg;19,72
patisson geel;Stuk;1,42
Patrelle;Liter;11,20
PATRIJS JONG  rood poot;Stuk;6,70
Peche Creme;Fles;9,95
Peche mignon;Liter;7,61
Pecorino Pepato;Kg;22,68
Pecorino Romano ;Kg;21,31
Pectine;Kg;24,93
Peket (Waalse likeur);Liter;13,76
Penne;Kg;2,95
Penne (vers);Kg;6,80
Peper Cacao Allspice;Kg;50,00
Peper Cacao Maniquette;Kg;50,00
Peper Cacao Sechuan;Kg;67,90
Peper fruit banana moon(verstegen);Kg;50,00
Peper fruit forest fruit(Verstegen);Kg;49,75
Peper fruit lemon(Verstegen);Kg;48,24
Peper fruit orange(Verstegen);Kg;87,49
Peper fruit strawberry lemon(Verstegen);Kg;48,12
Peper Maniquette (Verstegen);Kg;28,03
Peper Season garlic-sjalot;Kg;59,05
Peper Season wild mushroom;Kg;50,00
Peper Seaweed garlic-sjalot;Kg;63,50
Peper Seaweed lavendel;Kg;50,00
Peper wit gemalen;Kg;26,66
Peper zwart gemalen;Kg;28,38
Peperbollen  Sechuan;Kg;67,15
Peperbollen wit;Kg;31,15
Peperbollen zwart;Kg;26,95
Peperkoek (niet gesneden);Kg;13,27
Peperkoek(gesneden);Kg;3,00
Peperkoekkruiden;Stuk;12,59
Pepermunt vers;Stuk;2,10
Pepers GEEL;Stuk;0,98
Pepers GROEN;Stuk;0,79
Pepers GROEN (750 gr.);Stuk;6,51
Pepers ORANJE;Stuk;1,85
Pepers ROOD;Stuk;0,85
PEPERS Rood (zoet lang);Stuk;0,75
Pepers ROOD blik (450 gr.);Stuk;9,07
Pepers rood gepeld blik à 3 L;Stuk;8,64
Peren BEURRE HARDY;Stuk;0,82
Peren CONFERENCE;Stuk;0,40
Peren doyenne;Stuk;0,41
Peren DURONDEAU;Stuk;0,41
Peren op sap (2,6 kg);Stuk;5,64
Peren stoof;Stuk;0,42
Perenpuree DV Boiron;Liter;4,17
Perenstroop (Luikse) 450g;Stuk;2,02
Perentaart (Debailleul)DV 4p;Stuk;8,63
Perziken (2,6 kg);Stuk;4,24
PERZIKENSAP;Fles;6,27
Perzikpuree (Boiron);Liter;5,19
Peterselie;Stuk;0,98
Peterseliewortel;Kg;4,48
Pharon groot 811(Crejart);Stuk;0,50
Pharon mini 811(Crejart);Stuk;0,41
Pharon mini wit(Crejart);Stuk;0,41
PHILADELPHIA ;Kg;9,90
Philadelphia met fijne kruiden;Kg;8,35
Philiadelphia met look;Kg;8,35
Picanha blauwwit;Kg;13,57
Pickles (2 L.);Stuk;7,97
Picon;Fles;18,04
Piedbouef bruin;Liter;0,55
PIEPKUIKEN;Stuk;1,73
PIETERMAN Bruto;Kg;16,24
PIETERMAN FILET;Kg;30,97
PIJLINKTVIS (TUBES);Kg;6,13
Pijlinktvis vers ongekuist(Franse);Kg;8,25
Pijlinktvisringen DV;Kg;6,20
Piment Espelette poeder 70g;Stuk;6,40
Pimenton de la vera(blikje70gr);Stuk;2,75
Pimms;Fles;10,74
Pimpernel;Stuk;4,82
Pindakaas;Kg;6,64
Pindakaas ongezoet/ongezouten bio;Kg;8,43
Pineau de Charentes;Fles;9,58
Piquillos de los lodos (375gr);Stuk;9,07
Pisang Ambong;Fles;8,79
Pisco;Liter;12,94
Pistacheolie;Liter;112,52
Pitahaya;Stuk;6,33
PITTAVLEES;Kg;6,95
Pizzatopping Napoletana 2l;Stuk;10,07
PLADIJS  2/1 ;Stuk;1,86
PLADIJS 1/1  (800gr);Stuk;4,88
PLADIJSFILETS 2/1 kleine (=halve pladijs);Stuk;0,43
Platte kaas (emmer van 5 kg);Kg;18,22
Platte kaas (emmer van 5 kg);Stuk;18,22
Platte kaas Brabantse;Kg;5,14
Platte kaas mager Isigny 0%;Kg;4,02
Platte kaas met appel en caramel (emmer 3 kg);Stuk;17,53
Platte kaas VET;Kg;5,14
Platte kaas vet Isigny 40%;Kg;5,14
Platte Peterselie;Stuk;1,72
Pluma Iberico;Kg;18,40
Poire likeur;Fles;10,95
Polentameel;Kg;1,88
Pomelo;Stuk;2,81
Pommeau de Normandie;Fles;8,99
Pompelmoes GEEL;Stuk;0,81
Pompelmoes ROZE;Stuk;0,88
Pompelmoessap;Liter;0,98
Pompelmoessap (roze);Fles;3,10
POMPOEN (mini);Stuk;1,69
Pompoen 2 kg;Stuk;3,30
Pompoenblokjes (DV 2,5 kg);Stuk;3,36
Pompoenbolletje;Stuk;0,57
Pompoenolie;Stuk;10,98
Pompoenpitten;Kg;10,18
Pompoenpuree DV (Boiron);Kg;2,53
Pont l'éveque;Kg;24,29
Pont l'Eveque Fermier;Kg;24,29
Ponzu;Liter;16,53
Poperingse keikop;Kg;22,89
Port  rood;Fles;8,82
Port  wit;Fles;7,61
Port Salut ;Kg;14,91
Postelein (100 gr);Stuk;1,34
Pousse de blète (jong snijbietblaadje);Kg;15,80
Pralines;Stuk;0,41
Prei (per staal);Stuk;0,56
Prei WIT  schijf snit(2.5 K);Stuk;4,06
Preischeuten;Stuk;2,20
PRESKOP;Kg;8,60
Primerba Basilicum  340 g;Stuk;8,90
Primerba bouq. all Italiana 340g;Stuk;10,14
Primerba curry;Kg;23,15
Primerba Dragon;Stuk;9,10
Primerba garnalenpasta;Stuk;8,46
Primerba Knoflook  340 g;Stuk;10,19
Primerba Mierikswortel 340g;Stuk;8,18
Primerba PESTO (groen) 700g;Stuk;18,86
Primerba PESTO (rood) 700g;Stuk;19,06
Primerba Rozemarijn 340g;Stuk;8,25
Primerba sjalot;Kg;20,32
PRIMERBA tuinkruiden 340g;Stuk;9,19
PRIMERBA ui met spek 340g;Stuk;7,89
Pro espuma (Sosa);Kg;18,72
Pro espuma warm (Sosa);Kg;37,44
Probiotica capsules (doosje);Stuk;25,95
Procrema (Sosa);Kg;19,96
Promousse;Kg;30,59
Prosorbet (SOSA);Kg;21,40
Provencaalse kruiden;Kg;44,03
Pruimen gedroogd (250 gr.);Stuk;2,05
Pruimen Reine Claude;Kg;5,44
Pudding choco- (750 gr.);Stuk;3,86
Pudding vanille- (1000 gr.);Stuk;5,66
Pulled Pork Marinade;Fles;8,52
Pumpernickel;Stuk;1,09
Pure alcohol;Liter;27,74
Quiche vegetarisch (125 gr);Stuk;1,46
Quinoa rood;Kg;1,00
Quinoa zaadjes;Kg;16,61
Quinoa zaadjes  zwart;Kg;32,94
Quorn in blokjes (niet gemalen);Kg;10,56
Rabarber;Kg;2,57
Rabarberpuree DV (Boiron);Liter;5,65
Radijs (bundel);Stuk;1,08
Radijs zwart;Bot;3,70
Radijsscheuten;Stuk;2,07
Rafti;Kg;1,22
Rambol creme herbes;Kg;18,00
Ramboutan;Stuk;1,05
Ramenas;Stuk;2,30
Ramenas daikon (zomer,zwart);Stuk;1,91
Rapen bundel;Stuk;2,31
Rapen bundel (jonge);Stuk;2,31
Ras el Hanout (rood);Kg;37,69
Ratatouille 2,5kg;Stuk;27,70
Ratatouille Bonduelle 2.5 kg;Stuk;3,18
Rauwe cacaopoeder;Kg;30,80
Ravioli;Kg;2,69
Reblochon Fermier;Kg;15,59
Red Bull (blik à 25 cl);Stuk;1,15
REE FILET  met vlies;Kg;44,00
REE RUG ;Kg;31,50
RENDIERFILET;Kg;32,62
REUZEL (smout);Kg;6,95
RIBBEN (platte,gemarineerd);Kg;7,40
Ricard;Fles;23,99
Rice Crispies 400 gr;Stuk;3,13
Ricotta (250 gram);Kg;5,52
RIESLING D'ALSACE;Fles;4,00
RIESLING PERLANT;Fles;4,00
Rietsuiker (korrel);Kg;1,90
Rijst;Kg;2,68
Rijst - basmati bruin;Kg;1,00
Rijst - risotto (Carnaroli);Kg;4,29
Rijst (Boss,roomrijst,0,5l);Stuk;1,39
Rijst BASMATI;Kg;6,40
Rijst bruin;Kg;6,60
Rijst Jasmijn;Kg;3,36
Rijst Paarse (OXFAM);Kg;1,00
Rijst -risotto ;Kg;4,29
Rijst- Sushi;Kg;4,53
Rijst THAI;Kg;3,36
Rijst Thaise (kleefrijst);Kg;2,60
Rijst voor paella;Kg;1,93
Rijst wilde;Kg;6,00
Rijst zilvervlies;Kg;3,89
Rijst zwarte (wilde Canadese);Kg;14,27
Rijstcreme (250 gr.);Stuk;0,93
Rijst-dessert;Kg;2,38
Rijstgriesmeel (250 gr.);Stuk;0,93
RIJSTMEEL;Kg;6,98
Rijstmelk;Liter;1,00
Rijstolie;Liter;5,28
Rijst-ronde;Kg;0,95
Rijstspaghetti;Kg;9,98
Rijststroop;Liter;8,43
Rijsttaart (. 6 pers);Stuk;4,00
RIJSTTAART bakplaat 40/60;Stuk;53,76
Rijstwijn Mirin 50cl;Fles;4,68
RILETTE Duke of Berkshire;Kg;14,10
Rillette van eend;Kg;16,42
RIVIERKREEFTJES  vers ( levend );Stuk;1,28
RIVIERKREEFTJES DIEPVRIES;Stuk;3,75
Rivierkreeftvlees ;Kg;9,95
Rock chives;Stuk;1,12
Rode bes puree Boiron;Liter;5,68
Rode bessen Diepvries;Kg;5,68
Rode Biet;Stuk;0,55
Rode Biet (2650ml);Stuk;4,45
Rode biet chioggia;Stuk;1,34
Rode biet gekookt;Kg;1,66
Rode biet gevriesdroogd;Kg;37,15
Rode biet mini (ravier);Stuk;14,25
Rode bietensap;Liter;3,20
Rode bietscheut (ravier);Stuk;2,45
Rode koolscheuten ravier;Stuk;2,12
Rode poon (brut);Kg;5,75
RODE POON Filets met vel;Kg;5,71
Rode uienkonfituur(320gr);Stuk;6,95
Rodenbach (1/4);Fles;0,40
Rodenbach Grand cru;Fles;5,00
Roggebrood gesneden;Stuk;1,76
Roggebrood niet gesneden;Stuk;1,28
ROGGENWANGETJES;Stuk;0,50
ROGVLEUGEL 250 gr;Stuk;3,57
ROODBAARS;Stuk;3,27
ROODBAARSFILET;Kg;15,61
ROODBAARSFILET met vel;Kg;14,90
Room 40%;Liter;3,97
Room Culinair;Liter;2,40
Room zuur Isigny (20 cl);Stuk;2,10
Roomboter (5 kg.);Stuk;25,85
ROOMIJS aardbeien;Liter;1,45
ROOMIJS chocolade;Liter;1,45
ROOMIJS mokka;Liter;2,73
ROOMIJS pistache;Liter;1,45
ROOMIJS VANILLE (1 L.);Stuk;2,20
roomijs vanille (2,5 l);Stuk;5,49
ROOMIJS vanille 5l;Stuk;8,44
Roquefort;Kg;32,40
Rosé wijn;Fles;3,00
Rösti (DV zak van 2,5 kg);Stuk;6,26
ROUGET BARBET (gefileerd);Stuk;0,91
ROUGET BARBET BRUTO;Kg;13,42
Roux korrels blanke;Kg;8,30
Roux korrels bruine;Kg;6,36
Roze radijs (witpunt);Stuk;2,13
Rozemarijn;Stuk;1,72
Rozenblaadjes (ravier);Stuk;6,98
Rozenwater . l'olivier;Liter;10,00
Rozijnen BLEEK (250 gr.);Stuk;1,83
Rozijnen DONKER (250 gr.);Stuk;1,38
Rozijnenbrood gesneden;Stuk;3,29
Rozijnenbrood niet gesneden;Stuk;2,32
Rum  Bacardi;Fles;24,54
Rum  bruin;Fles;24,54
Rum  Negrita;Fles;23,46
Rum  wit;Fles;21,77
Rum Bacardi black;Fles;24,54
RUM Havana club bruin;Liter;20,26
RUM Havana Club wit;Liter;15,69
Rum-essence;Stuk;7,62
RUNDBROCHET (ui en paprika) 150 g;Stuk;2,08
RUNDER BAVETTE (voor tartaar);Kg;13,80
RUNDERBEENDEREN;Kg;2,00
Runderbouillon Knorr vloeibaar;Liter;14,19
RUNDERBROCHET 60 GR;Stuk;0,65
RUNDERCARPACCIO vers;Kg;16,80
Rundercarpaccio(kant en klaar);Kg;25,95
RUNDERGEBRAAD (rosbief);Kg;8,60
RUNDERMEDAILLON;Kg;14,95
RUNDERNEKVLEES ZB;Kg;6,80
RUNDERSTOOFVLEES;Kg;6,40
RUNDERSUCCADE;Kg;13,80
RUNDERTONG;Kg;6,90
RUNDERTONG gerookt;Kg;13,40
SAFARI;Fles;12,49
Saffloerolie;Fles;2,60
Saffraandraadjes (doosje 0,5 gram);Stuk;28,80
Saffraanpoeder (doosje à 2 gram);Stuk;11,05
Saint Nectaire AOC;Kg;16,88
Saké 75cl;Fles;16,51
Sakura cress;Stuk;2,37
SALAMI;Kg;7,20
Salicornia cress;Stuk;3,15
Salie;Stuk;1,73
Salty fingers (ravier);Stuk;8,86
Sambal Goreng;Kg;9,90
SAMBAL MANIS;1 Fles;2,60
Sambal oelek 200g;Stuk;1,36
Sambuca;Fles;11,02
Sandwich gesuikerd;Stuk;0,57
Sandwich ongesuikerd;Stuk;0,62
SARDIENEN;Stuk;0,75
Sardienen blik (125 gr.);Stuk;1,66
Satékruiden;Kg;18,48
Satésaus;Kg;4,91
Savooikool DV (2.5 K);Stuk;2,44
SCAMPI 16/20 real count;Stuk;0,46
Schaaldierenpasta ;Stuk;22,67
SCHAPEBOUT ZB;Kg;6,75
Scheermessen(couteaux/zagers);Kg;5,95
SCHELVISFILET met vel (ontschubd);Kg;14,96
SCHELVISFILET zonder vel;Kg;15,79
Schorseneren (bundel) 1 Kg;Stuk;7,48
Schorseneren DV  (2.5 K);Stuk;6,35
Schuimwijn JAQUES DE LUZE  Brut;Fles;7,00
Schweppes bitter limon;Fles;0,41
Sechuancress;Stuk;1,16
Selder GROEN;Stuk;1,23
Selder KNOL;Stuk;1,39
Selder WIT;Stuk;1,89
Semolina (pastabloem);Kg;3,70
SERRANOHAM;Kg;16,80
Sesamolie 25cl;Fles;9,72
Sesamolie ongeroosterd;Liter;12,66
Sesamzaad wit;Kg;14,91
Sesamzaad zwart;Kg;21,35
Sevagel,ijsstabilisator ;Kg;21,40
Sharon (kaki);Stuk;0,65
Sherry Cream;Fles;8,15
Sherry Dry;Fles;3,79
Sherry Medium;Fles;4,68
Sherry Pedro Ximenez 30 jr;Fles;22,33
Shichimi togarashi;Kg;29,90
Shii-takes (gedroogd);Kg;37,50
Shiro Miso ( bleke rijst-sojaboon pasta);Kg;10,36
Shisso groen;Stuk;1,22
Shisso purper;Stuk;1,21
Shissoleaves (groen) ravier;Stuk;3,13
Shissoleaves (paars)ravier;Stuk;3,25
Shoyu (Japanse sojasaus);Liter;15,59
Shropshire (gele stilton);Kg;20,80
Sinaasappel;Kg;1,38
Sinaasappel berg;Stuk;0,72
Sinaasappel BLOED;Stuk;0,53
Sinaasappelconfituur (375 gr.);Stuk;3,78
Sinaasappelpuree (Boiron);Liter;6,85
Sinaasappelsap;Liter;1,19
Sinaasappelsap  VERS;Liter;3,42
Sinaasappelschil (Boiron);Kg;15,06
Sinaasappelschillen gekonfijt;Kg;26,17
SINT - JAKOBSSCHELP in schelp;Stuk;3,13
SINT-JAKOBSSCHELP dv (frozen at sea);Stuk;1,46
Siroop - cerise ( Monin );Fles;5,84
Siroop - cuberdons;Liter;15,72
Siroop - Munt (Monin);Fles;5,80
Siroop - Munt groen (Monin);Fles;5,80
Siroop - Orgeat (Monin);Fles;6,87
Siroop - Violetta (Monin);Fles;6,65
Siroop Agave;Liter;10,60
Siroop Cassis Monin;Fles;7,65
Siroop -frambozen (Monin);Fles;5,84
Siroop Gember;Liter;5,98
Siroop Kandij (400 gr.);Stuk;1,42
Siroop Yacon bio;Kg;58,24
Siroop-Aardbeien (Monin);Liter;13,03
Siroop-Banaan (Monin);Fles;10,13
Siroop-Cocos (Monin);Fles;6,42
Siroop-Esdoorn;Fles;5,58
Siroop-Rietsuiker (Monin);Fles;6,16
Siroop-Sinaasappel (Monin);Fles;11,82
Siroop-Vlierbessen;Liter;24,20
Siroop-Vlierbloesem ;Liter;29,76
Sjalotten WIT;Kg;3,04
Sla - Amarant;Kg;15,40
Sla - Frisee;Stuk;2,22
sla  groen (kropsla);Stuk;1,06
Sla - Lolo bianco;Stuk;1,04
Sla - Lolo Rosso;Stuk;1,05
Sla  Mosterdkruid groen;Kg;15,80
Sla EIKEBLAD-;Stuk;1,34
Sla gemengd Mesclun 150 gr;Stuk;2,01
Sla Ijsberg;Stuk;1,67
Sla Mosterdkruid rood;Kg;15,80
Sla RADICCHIO;Stuk;1,87
Sla ROMEINSE;Stuk;1,87
Sla ROQUETTE  (50 gram);Stuk;0,56
Sla VELD-;Kg;9,05
Slaharten (corazone) little gem;Stuk;0,55
SLA-Mitsuna;Kg;15,80
Snickers;Stuk;0,59
SNOEKBAARS (Bruto);Kg;12,70
SNOEKBAARSFILET;Kg;12,93
Snoep drop;Kg;6,87
SOEPVLEES MB;Kg;5,80
SOEPVLEES ZB;Kg;6,60
Soja melk ongezoet (alpro);Liter;2,03
Soja room (alpro);Liter;5,96
Sojaolie (1 L.);Liter;1,73
Sojasaus witte;Fles;18,67
Sojascheuten (250 gr.);Stuk;1,09
Sojascheuten blik à 3 L;Stuk;2,82
Sorbitol (Sosa);Kg;7,90
SOT L'Y LAISSE ;Kg;20,14
Spaghetti;Kg;2,04
Spaghetti (Zwarte);Kg;5,51
Spaghetti volkoren bio;Kg;3,00
Spaghettikruiden;Kg;12,30
Special K Kellogs;Kg;19,50
Speculaaskruiden;Kg;29,28
SPECULOOS;Kg;3,52
Speculoospasta;Kg;6,25
SPEENVARKEN BOUT MB ;Kg;3,18
SPEENVARKEN FILET (ZB);Kg;19,20
SPEENVARKEN RUG (MB);Kg;16,10
SPEK (kruidenspek);Kg;7,80
SPEK buik vers;Kg;3,10
SPEK gerookt;Kg;6,10
SPEK GEROOKT Blokjes;Kg;5,80
SPEK gezouten;Kg;6,10
Spelt (épautre);Kg;7,65
SPIERINGVISJES (Eperlans)DV;Kg;10,20
Spinazie;Kg;7,21
Spinazie - jonge;Kg;12,92
SPINAZIE DV (2.5 K);Stuk;5,03
Spirelli;Kg;2,35
Spirelli tricolore;Kg;2,35
SPROTFILET gerookt;Stuk;0,56
Spruiten;Kg;4,27
SPRUITEN (mini);Kg;4,16
Spruiten DV (2.5 K);Stuk;5,99
St Germain (vlierbloesemlikeur);Liter;30,85
St. Maure;Kg;47,20
St.Albray;Kg;14,25
Steak    (1ste kwaliteit geheel);Kg;1,54
STEAK 1 extra (150 gr);Stuk;1,80
STEAK 1 extra à 150 g;Stuk;1,80
STEENBOLK Bruto;Kg;5,35
STEENBOLKFILETS à 140 Gram;Stuk;1,20
Steranijs;Kg;66,13
Stilton ;Kg;10,00
Stokbrood;Stuk;0,75
Stokbrood BAGUETTE;Stuk;0,75
Stokbrood bruin;Stuk;1,64
Stokbrood wit 25 cm DV;Stuk;0,47
Stokbrood wit 25 cm vers;Stuk;0,86
Stout;Fles;3,00
Straffe Hendrik;Fles;1,38
STRUISVOGEL filet;Kg;21,50
Sugar pearls (isomalt);Kg;7,08
sugar snapps;Kg;14,40
Suiker Bloem (250 gr.);Stuk;0,78
Suiker explosie;Kg;30,10
Suiker explosie chocolade;Kg;30,90
Suiker Fondant;Kg;3,44
Suiker Gries;Kg;0,85
Suiker Kandij  donkerbruin;Kg;3,73
Suiker kandij blond;Kg;2,67
Suiker Kandij- klontjes donker;Kg;8,22
Suiker Kandij- klontjes wit;Kg;2,23
Suiker Kandij- poeder bleek;Kg;0,89
Suiker Klontjes (verpakt);Kg;2,23
Suiker Moscovado;Kg;6,40
Suiker parel;Kg;3,94
Suiker -riet gemalen;Kg;2,27
Suiker Riet- klontjes;Kg;2,84
Suiker-Riet gemalen (moscovado);Kg;2,27
Sumak;Kg;34,88
Suze;Fles;14,20
Sweet Chiliesauce (zoetzuur);Liter;4,01
Sweetie;Stuk;0,95
Tabasco (60 ml.);Stuk;2,44
Tagliatelle (zwart);Kg;10,01
Tagliatelle tomaat;Stuk;6,94
Tagliatelle verdi (0.5 Kg);Stuk;2,33
Tagliatelle wit (0.5 Kg);Stuk;2,30
Tagliatelle wit VERS;Kg;4,01
Tahin (sesampasta);Kg;51,87
Tahoon cress;Stuk;2,39
Taleggio;Kg;10,15
Tamari (glutenvrije sojasaus);Liter;1,00
Tamarillo;Stuk;1,77
Tamarinde pasta 400g;Stuk;3,17
Tandooripoeder ;Kg;52,10
Tapioca (250 gr.);Stuk;0,83
Tapioca bloem;Kg;2,12
Tapioca grof;Kg;4,10
TARBOT 1/2 BRUTO;Stuk;13,91
TARBOT 2/3 BRUTO;Kg;17,03
TARBOTFILETS 1/2 ;Kg;15,37
Tartelette zout cups doos 20st;Stuk;3,51
Tarwe (ebly);Kg;4,51
Tarwebier Brugs (25 cc.);Fles;0,40
Tarwegries volkoren;Kg;6,96
Tarwegriesmeel;Kg;2,52
Taysoy chin.bieslook;Bot;1,96
TELLINES;Kg;10,00
Tempeh natuur (200 g);Stuk;2,84
Tempurabloem;Kg;8,67
Tequila;Fles;24,98
Teriyakisaus;200 cl;3,71
Tête des moines;Stuk;44,56
TEXTURAS  METIL (300gr);Stuk;32,15
TEXTURAS AGAR (600gr);Stuk;34,26
TEXTURAS ALGIN (500gr);Stuk;33,46
TEXTURAS CALCIC (600 gr);Stuk;10,73
TEXTURAS CITRAS (600gr);Stuk;12,07
TEXTURAS Crumiel;Kg;60,58
TEXTURAS Crutomate;Kg;86,85
TEXTURAS EINES (lepeltjes);Stuk;35,34
TEXTURAS FIZZY;Kg;54,80
TEXTURAS GELLAN (600gr);Stuk;107,94
TEXTURAS GLICE (300gr);Stuk;11,45
TEXTURAS GLUCO;Stuk;26,36
TEXTURAS IOTA (500gr);Stuk;26,97
TEXTURAS KAPPA  600gr;Stuk;35,32
TEXTURAS LECITE (300gr);Stuk;19,26
TEXTURAS Lyo aardbei;Kg;125,10
TEXTURAS Lyo mango;Kg;186,20
TEXTURAS SUCRO (600gr);Stuk;51,82
TEXTURAS XANTANA (500 gr);Stuk;27,71
TEXTURAS Yopol;Kg;34,60
Thaïse mini-aubergine(ravier);Stuk;6,22
Thee Lipton (100 St);Doos;4,36
Thee rozenbottel Lipton(100bags);100 g;7,92
Tia Maria;Fles;15,85
Tijm;Stuk;1,72
Tijmpoeder;Kg;20,66
Tiramisu à 700 gram;Stuk;12,27
Titaniumdioxide;Kg;18,80
Toast bruin gesneden;Stuk;3,72
Toast MELBA;Stuk;1,29
Toast rond HAUST (28/d);Stuk;1,16
Toast vierk. HAUST (35/d);Stuk;1,16
TOASTBROOD GESNEDEN;Stuk;1,34
TOASTBROOD NIET GESNEDEN;Stuk;1,30
TOBLERONE;Kg;14,80
Tofu;Kg;8,85
Tofu gerookt;Kg;8,85
Tofu wiener van Taifun;Kg;1,00
Tofu zijden;Kg;7,00
Tom Pouce;Stuk;0,91
Tom Yum pasta (zakje à 30 gr);Stuk;0,79
Tomaat in blokjes 2,5kg;Stuk;8,63
Tomaat mini tros geel;Kg;3,80
Tomaat mini tros oranje;Kg;4,84
Tomaat mini tros rood;Kg;6,64
Tomaat pruneaux;Kg;3,47
Tomatade (Sud 'n Sol);Kg;14,15
Tomaten A;Kg;2,38
Tomaten coeur de boeuf;Kg;6,42
Tomaten Geel;Stuk;0,68
Tomaten GEPELD (2,5kg);Stuk;2,11
Tomaten groene (green zebra );Kg;8,53
Tomaten KERS- (geel) potje;Stuk;1,85
Tomaten KERS (rood) potje;Stuk;1,54
Tomaten kers rood ovaal(ravier);Stuk;2,17
Tomaten mini Berry (ravier);Stuk;5,25
Tomaten oranje;Kg;5,04
Tomaten zongedroogd in olie;Kg;12,06
Tomaten zwarte (black russians);Kg;6,99
Tomatenblokjes (blik 2,5kg);Stuk;2,88
Tomatenketchup (0.75 L.);Stuk;3,30
Tomatenketchup à 5 lit.;Stuk;18,85
Tomatenpassata;Liter;3,77
Tomatenpuree (blik à 0,5L);Stuk;0,69
Tomatenpuree DV (Boiron);Kg;7,91
Tomatesap;Liter;0,77
Tomatino (zak à 3 L);Stuk;8,18
Tomme de Savoie;Kg;16,40
TONG  4/1 bruto;Stuk;4,38
TONGEN 2/kg gefileerd;Stuk;1,98
TONGEN 2/kg ongekuist;Stuk;10,87
TONGEN 4/1 (zonder vel);Stuk;4,51
TONGFILETS 4/1;Stuk;1,15
TONGSCHAR (400gram);Stuk;5,71
TONGSCHAR zonder vel;Stuk;4,54
TONGSCHARfilet;Kg;11,47
Tonic FeverTree;Fles;1,08
Tonijn in olie (bokaal à 200gr);Stuk;1,67
Tortilla chips (zak à 450 gr);Stuk;2,28
Tortilla vellen (per stuk);Stuk;0,54
Transglutaminase;Kg;99,01
Trappist Orval;Fles;1,32
Trappist Rochefort 10°;Fles;2,80
Trappist Westmalle Dubbel;Fles;0,87
Trappist Westmalle triple;Fles;0,80
Trimoline;Kg;9,50
Triple sec;Fles;7,37
Trisol;Kg;14,63
Truffel Winter (bokaaltje);Stuk;40,00
Truffelolie;Liter;32,24
Truffelolie(zwarte truffel)250ml;Stuk;8,06
Truffelpasta  (WIT)3,5%;Kg;128,96
Truffelpelure(90gram);Stuk;13,87
Truffelsap;Liter;172,80
Truffeltapenade;Kg;74,41
TUC zoutkoekjes;Kg;12,80
Tuinbonen (fêves);Kg;6,87
Tuinkers (cressonette) potje;Stuk;1,16
Turks fruit (pâte de fruits);Kg;12,34
Turks pide klein;Stuk;1,08
Ugli;Stuk;5,40
Uien;Kg;2,04
Uien PIJP-(Bot);Stuk;0,91
Uien ROOD;Kg;1,52
Uien wit;Kg;2,04
Uien ZILVER-;Kg;3,07
Uien,gedroogd,gebakken;Kg;5,40
Uienpoeder;Kg;20,87
UIRINGEN DV 2.5 kg;Stuk;3,82
Uncle Bens BBQ saus à 2,5 L;Stuk;9,98
V8 groenten-tomatensap;Liter;3,90
Vacherin Mont d' Or ;Kg;22,04
Vadouvan 75gr;Stuk;3,94
Valencay 250g (geit);Stuk;6,35
Vanille-essence;Stuk;8,17
Vanillestok;Stuk;1,22
Vanistar;Kg;40,75
VARKEN-RUNDERGEHAKT;Kg;3,45
Varkensbrochette;Stuk;1,33
VARKENSFILET;Kg;9,20
"VARKENSFILET ""Iberico LOMO """;Kg;14,80
VARKENSGEBRAAD (heup);Kg;4,10
VARKENSGEBRAAD (schouder);Kg;3,65
VARKENSGEHAKT;Kg;3,45
VARKENSGYROS gemarineerd;Kg;5,20
VARKENSHAASJE;Stuk;3,82
VARKENSHAMMETJE (noot,gepekeld);Stuk;12,80
VARKENSKEELSTUK;Kg;2,10
VARKENSKEELSTUK gemalen voor paté;Kg;2,35
VARKENSKOTELET (150 gram);Stuk;0,66
VARKENSLAPJE gepaneerd (120 g);Stuk;0,64
VARKENSLAPJES;Stuk;0,56
VARKENSLAPJES;Kg;4,45
VARKENSLEVER;Kg;3,10
VARKENSLEVER gemalen voor paté;Kg;3,10
VARKENSMIGNONETTE à 130 gr;Stuk;0,76
VARKENSNETJES;Kg;3,10
VARKENSNIEREN;Stuk;0,78
VARKENSRIBBETJES plat;Kg;6,40
VARKENSRIBST.MB à 10 kôt.;Kg;21,00
VARKENSRIBSTUK ZB;Kg;4,45
VARKENSSCHENKEL;Kg;3,65
VARKENSSPEK (gezouten,vers);Kg;6,10
VARKENSSPEKBANDEN;Kg;3,10
VARKENSSPIERING;Kg;3,65
VARKENSSTAART;Stuk;0,75
VARKENSTONG;Stuk;0,75
VARKENSTONG;Kg;3,00
VARKENSWANGETJES;Stuk;1,20
VARKENSWANGETJES;Kg;7,20
VARKENSWORST;Stuk;0,49
Veenbessen gedroogd;Kg;10,01
Veenbessencompote (0.5L);Stuk;2,02
Veenbessengelei (375 gr.);Stuk;9,29
Vegetarisch gehakt;Kg;9,54
Vegetarische braadworst 90 gr Beckers;Stuk;0,87
Vegetarische loempia à 100 gram ;Stuk;0,75
Veggie burger tofu caprese à 95 gr;Stuk;1,41
VEGGIEBURGER SOUTHERN STYLE QUORN;Stuk;0,54
Vene-cress;Stuk;1,62
Venkel;Stuk;1,65
Venkelzaad;Kg;5,91
VENUSSCHELP;Kg;12,45
Verbena(ijzerkruid) VERS;Kg;5,12
Verjus ;Stuk;11,95
Vermicelli (250 gr.);Stuk;0,56
Verse kerriebladeren;Stuk;2,25
Ve-tsin;Kg;8,70
Vierkruiden;Kg;8,49
Vierpepermengeling;Kg;56,00
Vijgen;Stuk;0,89
Vijgen gedroogd 250g (ravier);Stuk;1,75
Vijgenconfituur;Kg;7,17
Vijgenpuree (Boiron);Liter;7,24
Viooltjes (bloemen)RAVIER;Stuk;7,69
Visbouillon (Knorr -1Kg. );Stuk;13,25
Visfumet (Knorr brick);Liter;4,78
Vissaus;Liter;3,30
VLASWIJTING BRUTO;Kg;9,85
VLASWIJTING(filet);Kg;17,43
Vleesbouillon (Knorr - 1 Kg);Stuk;12,64
VOGELS ZONDER KOP 130 gr;Stuk;0,83
Vol au vent (vers bereid);Kg;6,80
Volkorenbeschuit;Stuk;3,93
Volkorenbrood (gesneden);Stuk;1,22
VONGOLE VERACI ;Kg;13,25
Vruchtensap Tropical;Liter;0,97
Wafels (gist) diepvries;Stuk;0,51
Wakame gedroogd;Kg;33,74
Wakame sesamolie (zeewiersla);Kg;22,67
Waldkornpuntje;Stuk;0,57
Walnoten (gedroogd);Kg;17,43
Warmoes (snijbiet,bette);Kg;4,95
Wasabi Furikaki;Kg;108,88
Wasabipoeder;Kg;132,50
Wasabitube;Stuk;2,25
Waterkers (cresson) bundel;Stuk;2,00
Watermeloen;Stuk;9,72
Watou;Kg;9,92
Weense Worstjes . 0.5l;Stuk;0,60
Whisky Bourbon;Liter;35,70
Whisky Jack Daniels;Fles;29,08
Whisky Jameson;Fles;24,01
Whisky keuken;Fles;10,86
Whisky Malt;Fles;67,82
Wijn rood (bereidingen);Fles;2,00
Wijn rood (keuken);Fles;2,00
WIJN ROOD BIO;Fles;6,30
Wijn Shao shin;Fles;2,00
Wijn wit  (keuken);Fles;2,00
WIJN WIT BIO;Liter;6,60
Wijngaardperzik;Stuk;2,00
Wijnsteenzuurpoeder;Stuk;10,00
WILD Afval;Kg;3,40
Wildfonds;Kg;22,67
Witbier (blanche);Stuk;0,50
Witlof;Stuk;0,46
Witlof;Kg;2,32
Witlof rood;Stuk;1,36
Witte truffelolie;Stuk;8,06
Wodka;Fles;18,27
Wodka citroen;Liter;24,62
Wontonvellen;pak;2,33
WORST BLOED-;Stuk;1,35
WORST CHIPOLATA;Stuk;0,66
WORST droog;Stuk;0,72
WORST droog Bistro;Kg;9,60
WORST LOOK;Stuk;1,20
WORST MERGUEZ;Stuk;0,98
WORST Montbeliard;Stuk;1,23
WORST WITTE;Stuk;1,02
WORST WITTE (Luikse);Stuk;1,28
Worstjes(Elzas);Stuk;1,08
Wortegemse jenever;Liter;7,61
Wortel - pastinaak frietjes (DV 2,5 kg);Stuk;7,05
Wortel winterpeen ;Stuk;0,61
Wortelen;Kg;0,54
Wortelen gele;Stuk;0,81
Wortelen geraspt;Kg;1,80
Wortelen JONGE (bundel);Stuk;1,69
Wortelen JONGE DV (2.5 K);Stuk;2,97
Wortelen zwarte;Stuk;0,95
Wortelsap;Liter;3,59
Wynendaele;Kg;21,49
Xocopili (valrhona);Kg;25,83
Yoghurt acide (Sosa) Yopol;Kg;34,60
Yoghurt ferment;Kg;1,00
Yoghurt Griekse;Kg;4,89
Yoghurt mager bio;Liter;3,20
Yoghurt Soja;Liter;4,70
Yoghurt vol 0,5 liter;Stuk;1,71
Yuzu poeder;Kg;1 217,78
Yuzu sap;Liter;142,30
ZALM  3/4 BRUTO;Kg;7,16
Zalm blik à 2,3 liter;Stuk;19,51
ZALM gerookt  (long sliced);Kg;35,58
ZALM gerookt (voorgesneden);Kg;20,14
ZALM gerookt niet voorgesneden;Kg;19,28
Zalm in eigen nat blik (2L);Stuk;17,07
ZALMEITJES . 50 gr;Stuk;5,70
Zalmfilet (porties à 120 gr);Stuk;1,64
Zalmfilet (porties à 50 gram );Stuk;0,63
ZALMFILET 3/4 met vel;Kg;11,89
ZALMFILET 3/4 zonder vel;Kg;13,03
ZALMFOREL BRUTO  600/900;Stuk;7,64
ZALMFOREL FILET;Kg;8,95
ZALMMOOT à 240 gr;Stuk;2,27
Zandkoekje;Stuk;0,58
ZEEBAARS BRUTO (400/600) ontschubd;Kg;9,14
ZEEBAARS FILET (400/600) met vel;Stuk;2,28
ZEEBAARS FILET (400/600) met vel;Kg;9,10
Zeebes Umibudo(zakje à 100 gram);Stuk;20,85
ZEEDUIVEL  baby ;Stuk;2,80
Zeeduivel (WANGEN);Kg;17,15
ZEEDUIVEL 1/2 BRUTO ;Kg;18,29
ZEEDUIVELFILET 1/2;Kg;19,56
ZEEegel;Stuk;1,17
Zeeegelpasta;Stuk;4,53
"Zeekraal ""Passe Piere""";Kg;18,71
Zeesla(laitue de mer);Kg;28,55
Zeevenkel cress;Stuk;8,76
Zeewier ;Kg;3,70
Zeewiersla Japans ;Stuk;3,40
Zeewiervlokken (aonori groene zeewier);Kg;1,00
ZEEWOLF BRUTO;Kg;9,95
ZEEWOLFFILET;Kg;9,95
ZEEWOLFFILET (ontvliesd !!)Porties à 120 gr;Stuk;1,25
Zilverblaadjes;Stuk;0,94
Zilveruitjes DV  (zak à 2,5 Kg);Stuk;5,28
Zilveruitjes op azijn (kleine à 2 L);Stuk;7,85
Zoete witte wijn;Fles;5,25
Zoethout infusie;Kg;1,00
Zoet-zure saus Uncle Bens 2lit;Stuk;11,18
Zonnebloemolie;Fles;2,19
Zonnebloempitten;Kg;3,85
ZONNEVIS BRUTO;Kg;22,26
ZONNEVISFILET;Kg;22,26
Zout (tafel);Kg;1,15
Zout Colorozo (pekel);Kg;2,37
Zout Deens Piramide gerookt;Kg;71,71
Zout Fleur de sel;Kg;6,94
Zout Himalaya (grof);Kg;13,58
Zout Maldon;Kg;17,32
Zout Perzisch blauw;Kg;38,66
Zout zee (grof);Kg;1,38
ZUIGLAM ( Bout);Kg;5,10
Zuring;Kg;23,07
Zuring ROOD;Kg;50,00
Zusto;Kg;9,34
Zuurdesem breekbroodjes (pak à 20 stuk);pak;2,86
Zuurdesembrood klein;Stuk;1,74
Zuurkool;Kg;2,12
Zuurkool vers niet bereid(emmertje);Stuk;8,23
ZWAARDVIS;Kg;19,19
Zwarte bessen cassis (diepvries);Kg;8,72
Zwarte kersenpuree (Boiron);Liter;9,23
Zwarte pruimen z.pit;Kg;8,18
Zwarte thee met Bergamote;Kg;44,05
Zwarte truffelpasta;Kg;89,33
Zwarte woudham(gerookt-plak);Kg;21,80
ZWITSERSE SCHIJVEN;Stuk;0,85
